dimension,steps,h,epsilon,h1_error,mean_norm_sq,variance,kl_target_to_euler,current_factor,prior_factor
1,8,0.125,0.0,0.0,0.0,1.0587955275319167,0.0008006946804067459,20.595917942265423,526
1,8,0.125,0.02,0.0004,0.00017233970216384622,1.0587955275319167,0.0008820794698596555,20.595917942265423,526
1,8,0.125,0.04,0.0016,0.0006893588086553849,1.0587955275319167,0.0011262338382186064,20.595917942265423,526
1,8,0.125,0.08,0.0064,0.0027574352346215396,1.0587955275319167,0.0021028513116541324,20.595917942265423,526
1,16,0.0625,0.0,0.0,0.0,1.0281681036652581,0.00019113978692511524,20.595917942265423,526
1,16,0.0625,0.02,0.0004,0.0001658562101893659,1.0281681036652581,0.0002717959605596232,20.595917942265423,526
1,16,0.0625,0.04,0.0016,0.0006634248407574636,1.0281681036652581,0.000513764481463147,20.595917942265423,526
1,16,0.0625,0.08,0.0064,0.0026536993630298543,1.0281681036652581,0.0014816385650771868,20.595917942265423,526
1,32,0.03125,0.0,0.0,0.0,1.0137923169447862,4.6695813222163464e-05,20.595917942265423,526
1,32,0.03125,0.02,0.0004,0.0001627893815863368,1.0137923169447862,0.00012698315554334708,20.595917942265423,526
1,32,0.03125,0.04,0.0016,0.0006511575263453472,1.0137923169447862,0.00036784518250695345,20.595917942265423,526
1,32,0.03125,0.08,0.0064,0.0026046301053813887,1.0137923169447862,0.001331293290361712,20.595917942265423,526
1,64,0.015625,0.0,0.0,0.0,1.0068250774576406,1.1540253858716588e-05,20.595917942265423,526
1,64,0.015625,0.02,0.0004,0.00016129684575673343,1.0068250774576406,9.164197627711855e-05,20.595917942265423,526
1,64,0.015625,0.04,0.0016,0.0006451873830269337,1.0068250774576406,0.00033194714353221343,20.595917942265423,526
1,64,0.015625,0.08,0.0064,0.002580749532107735,1.0068250774576406,0.0012931678125526484,20.595917942265423,526
1,128,0.0078125,0.0,0.0,0.0,1.003394993726862,2.868501693675373e-06,20.595917942265423,526
1,128,0.0078125,0.02,0.0004,0.00016056046712243402,1.003394993726862,8.287710654336601e-05,20.595917942265423,526
1,128,0.0078125,0.04,0.0016,0.0006422418684897361,1.003394993726862,0.0003229029210923269,20.595917942265423,526
1,128,0.0078125,0.08,0.0064,0.0025689674739589443,1.003394993726862,0.0012830061792881704,20.595917942265423,526
1,256,0.00390625,0.0,0.0,0.0,1.0016931383843208,7.150645567869816e-07,20.595917942265423,526
1,256,0.00390625,0.02,0.0004,0.00016019471033157625,1.0016931383843208,8.067703304448319e-05,20.595917942265423,526
1,256,0.00390625,0.04,0.0016,0.000640778841326305,1.0016931383843208,0.0003205629385074053,20.595917942265423,526
1,256,0.00390625,0.08,0.0064,0.00256311536530522,1.0016931383843208,0.0012801065603593158,20.595917942265423,526
1,512,0.001953125,0.0,0.0,0.0,1.0008454830200706,1.7850911365448413e-07,20.595917942265423,526
1,512,0.001953125,0.02,0.0004,0.00016001243518346978,1.0008454830200706,8.01171399503723e-05,20.595917942265423,526
1,512,0.001953125,0.04,0.0016,0.0006400497407338791,1.0008454830200706,0.00031993303246052575,20.595917942265423,526
1,512,0.001953125,0.08,0.0064,0.0025601989629355166,1.0008454830200706,0.0012791966025011395,20.595917942265423,526
2,8,0.125,0.0,0.0,0.0,1.0587955275319167,0.0016013893608134919,95.63560920082658,1936
2,8,0.125,0.02,0.0004,0.00017233970216384622,1.0587955275319167,0.001682774150266457,95.63560920082658,1936
2,8,0.125,0.04,0.0016,0.0006893588086553849,1.0587955275319167,0.0019269285186252413,95.63560920082658,1936
2,8,0.125,0.08,0.0064,0.0027574352346215396,1.0587955275319167,0.002903545992060934,95.63560920082658,1936
2,16,0.0625,0.0,0.0,0.0,1.0281681036652581,0.0003822795738502305,95.63560920082658,1936
2,16,0.0625,0.02,0.0004,0.0001658562101893659,1.0281681036652581,0.0004629357474847384,95.63560920082658,1936
2,16,0.0625,0.04,0.0016,0.0006634248407574636,1.0281681036652581,0.0007049042683882623,95.63560920082658,1936
2,16,0.0625,0.08,0.0064,0.0026536993630298543,1.0281681036652581,0.0016727783520022466,95.63560920082658,1936
2,32,0.03125,0.0,0.0,0.0,1.0137923169447862,9.339162644432693e-05,95.63560920082658,1936
2,32,0.03125,0.02,0.0004,0.0001627893815863368,1.0137923169447862,0.00017367896876545504,95.63560920082658,1936
2,32,0.03125,0.04,0.0016,0.0006511575263453472,1.0137923169447862,0.0004145409957290614,95.63560920082658,1936
2,32,0.03125,0.08,0.0064,0.0026046301053813887,1.0137923169447862,0.00137798910358382,95.63560920082658,1936
2,64,0.015625,0.0,0.0,0.0,1.0068250774576406,2.3080507717433175e-05,95.63560920082658,1936
2,64,0.015625,0.02,0.0004,0.00016129684575673343,1.0068250774576406,0.00010318223013577963,95.63560920082658,1936
2,64,0.015625,0.04,0.0016,0.0006451873830269337,1.0068250774576406,0.00034348739739093,95.63560920082658,1936
2,64,0.015625,0.08,0.0064,0.002580749532107735,1.0068250774576406,0.0013047080664113095,95.63560920082658,1936
2,128,0.0078125,0.0,0.0,0.0,1.003394993726862,5.737003387350746e-06,95.63560920082658,1936
2,128,0.0078125,0.02,0.0004,0.00016056046712243402,1.003394993726862,8.57456082371524e-05,95.63560920082658,1936
2,128,0.0078125,0.04,0.0016,0.0006422418684897361,1.003394993726862,0.00032577142278600226,95.63560920082658,1936
2,128,0.0078125,0.08,0.0064,0.0025689674739589443,1.003394993726862,0.0012858746809818458,95.63560920082658,1936
2,256,0.00390625,0.0,0.0,0.0,1.0016931383843208,1.4301291135739632e-06,95.63560920082658,1936
2,256,0.00390625,0.02,0.0004,0.00016019471033157625,1.0016931383843208,8.139209760127017e-05,95.63560920082658,1936
2,256,0.00390625,0.04,0.0016,0.000640778841326305,1.0016931383843208,0.0003212780030642478,95.63560920082658,1936
2,256,0.00390625,0.08,0.0064,0.00256311536530522,1.0016931383843208,0.0012808216249160472,95.63560920082658,1936
2,512,0.001953125,0.0,0.0,0.0,1.0008454830200706,3.5701822730896827e-07,95.63560920082658,1936
2,512,0.001953125,0.02,0.0004,0.00016001243518346978,1.0008454830200706,8.029564906386025e-05,95.63560920082658,1936
2,512,0.001953125,0.04,0.0016,0.0006400497407338791,1.0008454830200706,0.00032011154157418023,95.63560920082658,1936
2,512,0.001953125,0.08,0.0064,0.0025601989629355166,1.0008454830200706,0.0012793751116145719,95.63560920082658,1936
4,8,0.125,0.0,0.0,0.0,1.0587955275319167,0.0032027787216269837,527.724055878062,9856
4,8,0.125,0.02,0.0004,0.00017233970216384622,1.0587955275319167,0.003284163511080171,527.724055878062,9856
4,8,0.125,0.04,0.0016,0.0006893588086553849,1.0587955275319167,0.003528317879438622,527.724055878062,9856
4,8,0.125,0.08,0.0064,0.0027574352346215396,1.0587955275319167,0.004504935352874426,527.724055878062,9856
4,16,0.0625,0.0,0.0,0.0,1.0281681036652581,0.000764559147700461,527.724055878062,9856
4,16,0.0625,0.02,0.0004,0.0001658562101893659,1.0281681036652581,0.0008452153213346358,527.724055878062,9856
4,16,0.0625,0.04,0.0016,0.0006634248407574636,1.0281681036652581,0.0010871838422384927,527.724055878062,9856
4,16,0.0625,0.08,0.0064,0.0026536993630298543,1.0281681036652581,0.002055057925852588,527.724055878062,9856
4,32,0.03125,0.0,0.0,0.0,1.0137923169447862,0.00018678325288865386,527.724055878062,9856
4,32,0.03125,0.02,0.0004,0.0001627893815863368,1.0137923169447862,0.00026707059520978196,527.724055878062,9856
4,32,0.03125,0.04,0.0016,0.0006511575263453472,1.0137923169447862,0.0005079326221733883,527.724055878062,9856
4,32,0.03125,0.08,0.0064,0.0026046301053813887,1.0137923169447862,0.0014713807300278138,527.724055878062,9856
4,64,0.015625,0.0,0.0,0.0,1.0068250774576406,4.616101543486635e-05,527.724055878062,9856
4,64,0.015625,0.02,0.0004,0.00016129684575673343,1.0068250774576406,0.00012626273785343485,527.724055878062,9856
4,64,0.015625,0.04,0.0016,0.0006451873830269337,1.0068250774576406,0.0003665679051084742,527.724055878062,9856
4,64,0.015625,0.08,0.0064,0.002580749532107735,1.0068250774576406,0.0013277885741288537,527.724055878062,9856
4,128,0.0078125,0.0,0.0,0.0,1.003394993726862,1.1474006774701492e-05,527.724055878062,9856
4,128,0.0078125,0.02,0.0004,0.00016056046712243402,1.003394993726862,9.148261162450315e-05,527.724055878062,9856
4,128,0.0078125,0.04,0.0016,0.0006422418684897361,1.003394993726862,0.00033150842617346403,527.724055878062,9856
4,128,0.0078125,0.08,0.0064,0.0025689674739589443,1.003394993726862,0.0012916116843693076,527.724055878062,9856
4,256,0.00390625,0.0,0.0,0.0,1.0016931383843208,2.8602582271479264e-06,527.724055878062,9856
4,256,0.00390625,0.02,0.0004,0.00016019471033157625,1.0016931383843208,8.282222671484414e-05,527.724055878062,9856
4,256,0.00390625,0.04,0.0016,0.000640778841326305,1.0016931383843208,0.00032270813217793277,527.724055878062,9856
4,256,0.00390625,0.08,0.0064,0.00256311536530522,1.0016931383843208,0.0012822517540296212,527.724055878062,9856
4,512,0.001953125,0.0,0.0,0.0,1.0008454830200706,7.140364546179365e-07,527.724055878062,9856
4,512,0.001953125,0.02,0.0004,0.00016001243518346978,1.0008454830200706,8.065266729139126e-05,527.724055878062,9856
4,512,0.001953125,0.04,0.0016,0.0006400497407338791,1.0008454830200706,0.0003204685598014892,527.724055878062,9856
4,512,0.001953125,0.08,0.0064,0.0025601989629355166,1.0008454830200706,0.001279732129842103,527.724055878062,9856
8,8,0.125,0.0,0.0,0.0,1.0587955275319167,0.0064055574432539675,3359.8202190447346,71296
8,8,0.125,0.02,0.0004,0.00017233970216384622,1.0587955275319167,0.006486942232706933,3359.8202190447346,71296
8,8,0.125,0.04,0.0016,0.0006893588086553849,1.0587955275319167,0.006731096601065828,3359.8202190447346,71296
8,8,0.125,0.08,0.0064,0.0027574352346215396,1.0587955275319167,0.007707714074500965,3359.8202190447346,71296
8,16,0.0625,0.0,0.0,0.0,1.0281681036652581,0.001529118295400922,3359.8202190447346,71296
8,16,0.0625,0.02,0.0004,0.0001658562101893659,1.0281681036652581,0.0016097744690355409,3359.8202190447346,71296
8,16,0.0625,0.04,0.0016,0.0006634248407574636,1.0281681036652581,0.0018517429899389537,3359.8202190447346,71296
8,16,0.0625,0.08,0.0064,0.0026536993630298543,1.0281681036652581,0.002819617073553049,3359.8202190447346,71296
8,32,0.03125,0.0,0.0,0.0,1.0137923169447862,0.0003735665057773077,3359.8202190447346,71296
8,32,0.03125,0.02,0.0004,0.0001627893815863368,1.0137923169447862,0.0004538538480988799,3359.8202190447346,71296
8,32,0.03125,0.04,0.0016,0.0006511575263453472,1.0137923169447862,0.0006947158750618201,3359.8202190447346,71296
8,32,0.03125,0.08,0.0064,0.0026046301053813887,1.0137923169447862,0.0016581639829162456,3359.8202190447346,71296
8,64,0.015625,0.0,0.0,0.0,1.0068250774576406,9.23220308697327e-05,3359.8202190447346,71296
8,64,0.015625,0.02,0.0004,0.00016129684575673343,1.0068250774576406,0.0001724237532883012,3359.8202190447346,71296
8,64,0.015625,0.04,0.0016,0.0006451873830269337,1.0068250774576406,0.0004127289205431185,3359.8202190447346,71296
8,64,0.015625,0.08,0.0064,0.002580749532107735,1.0068250774576406,0.00137394958956372,3359.8202190447346,71296
8,128,0.0078125,0.0,0.0,0.0,1.003394993726862,2.2948013549402985e-05,3359.8202190447346,71296
8,128,0.0078125,0.02,0.0004,0.00016056046712243402,1.003394993726862,0.00010295661839920464,3359.8202190447346,71296
8,128,0.0078125,0.04,0.0016,0.0006422418684897361,1.003394993726862,0.0003429824329486096,3359.8202190447346,71296
8,128,0.0078125,0.08,0.0064,0.0025689674739589443,1.003394993726862,0.001303085691144009,3359.8202190447346,71296
8,256,0.00390625,0.0,0.0,0.0,1.0016931383843208,5.720516454295853e-06,3359.8202190447346,71296
8,256,0.00390625,0.02,0.0004,0.00016019471033157625,1.0016931383843208,8.56824849426582e-05,3359.8202190447346,71296
8,256,0.00390625,0.04,0.0016,0.000640778841326305,1.0016931383843208,0.0003255683904050807,3359.8202190447346,71296
8,256,0.00390625,0.08,0.0064,0.00256311536530522,1.0016931383843208,0.0012851120122569911,3359.8202190447346,71296
8,512,0.001953125,0.0,0.0,0.0,1.0008454830200706,1.428072909235873e-06,3359.8202190447346,71296
8,512,0.001953125,0.02,0.0004,0.00016001243518346978,1.0008454830200706,8.136670374534307e-05,3359.8202190447346,71296
8,512,0.001953125,0.04,0.0016,0.0006400497407338791,1.0008454830200706,0.000321182596255441,3359.8202190447346,71296
8,512,0.001953125,0.08,0.0064,0.0025601989629355166,1.0008454830200706,0.001280446166296721,3359.8202190447346,71296
16,8,0.125,0.0,0.0,0.0,1.0587955275319167,0.012811114886507935,23615.89508168525,699136
16,8,0.125,0.02,0.0004,0.00017233970216384622,1.0587955275319167,0.012892499675961344,23615.89508168525,699136
16,8,0.125,0.04,0.0016,0.0006893588086553849,1.0587955275319167,0.013136654044320684,23615.89508168525,699136
16,8,0.125,0.08,0.0064,0.0027574352346215396,1.0587955275319167,0.014113271517754489,23615.89508168525,699136
16,16,0.0625,0.0,0.0,0.0,1.0281681036652581,0.003058236590801844,23615.89508168525,699136
16,16,0.0625,0.02,0.0004,0.0001658562101893659,1.0281681036652581,0.0031388927644351305,23615.89508168525,699136
16,16,0.0625,0.04,0.0016,0.0006634248407574636,1.0281681036652581,0.0033808612853385434,23615.89508168525,699136
16,16,0.0625,0.08,0.0064,0.0026536993630298543,1.0281681036652581,0.004348735368953971,23615.89508168525,699136
16,32,0.03125,0.0,0.0,0.0,1.0137923169447862,0.0007471330115546154,23615.89508168525,699136
16,32,0.03125,0.02,0.0004,0.0001627893815863368,1.0137923169447862,0.0008274203538757435,23615.89508168525,699136
16,32,0.03125,0.04,0.0016,0.0006511575263453472,1.0137923169447862,0.0010682823808391279,23615.89508168525,699136
16,32,0.03125,0.08,0.0064,0.0026046301053813887,1.0137923169447862,0.0020317304886935533,23615.89508168525,699136
16,64,0.015625,0.0,0.0,0.0,1.0068250774576406,0.0001846440617394654,23615.89508168525,699136
16,64,0.015625,0.02,0.0004,0.00016129684575673343,1.0068250774576406,0.0002647457841580339,23615.89508168525,699136
16,64,0.015625,0.04,0.0016,0.0006451873830269337,1.0068250774576406,0.0005050509514137394,23615.89508168525,699136
16,64,0.015625,0.08,0.0064,0.002580749532107735,1.0068250774576406,0.0014662716204338969,23615.89508168525,699136
16,128,0.0078125,0.0,0.0,0.0,1.003394993726862,4.589602709880597e-05,23615.89508168525,699136
16,128,0.0078125,0.02,0.0004,0.00016056046712243402,1.003394993726862,0.00012590463194860763,23615.89508168525,699136
16,128,0.0078125,0.04,0.0016,0.0006422418684897361,1.003394993726862,0.0003659304464980126,23615.89508168525,699136
16,128,0.0078125,0.08,0.0064,0.0025689674739589443,1.003394993726862,0.0013260337046938561,23615.89508168525,699136
16,256,0.00390625,0.0,0.0,0.0,1.0016931383843208,1.1441032908591706e-05,23615.89508168525,699136
16,256,0.00390625,0.02,0.0004,0.00016019471033157625,1.0016931383843208,9.140300139695405e-05,23615.89508168525,699136
16,256,0.00390625,0.04,0.0016,0.000640778841326305,1.0016931383843208,0.00033128890685937655,23615.89508168525,699136
16,256,0.00390625,0.08,0.0064,0.00256311536530522,1.0016931383843208,0.001290832528711731,23615.89508168525,699136
16,512,0.001953125,0.0,0.0,0.0,1.0008454830200706,2.856145818471746e-06,23615.89508168525,699136
16,512,0.001953125,0.02,0.0004,0.00016001243518346978,1.0008454830200706,8.279477665502303e-05,23615.89508168525,699136
16,512,0.001953125,0.04,0.0016,0.0006400497407338791,1.0008454830200706,0.00032261066916556506,23615.89508168525,699136
16,512,0.001953125,0.08,0.0064,0.0025601989629355166,1.0008454830200706,0.0012818742392059568,23615.89508168525,699136
32,8,0.125,0.0,0.0,0.0,1.0587955275319167,0.02562222977301587,176255.9429081064,8490496
32,8,0.125,0.02,0.0004,0.00017233970216384622,1.0587955275319167,0.025703614562467503,176255.9429081064,8490496
32,8,0.125,0.04,0.0016,0.0006893588086553849,1.0587955275319167,0.02594776893082773,176255.9429081064,8490496
32,8,0.125,0.08,0.0064,0.0027574352346215396,1.0587955275319167,0.026924386404263312,176255.9429081064,8490496
32,16,0.0625,0.0,0.0,0.0,1.0281681036652581,0.006116473181603688,176255.9429081064,8490496
32,16,0.0625,0.02,0.0004,0.0001658562101893659,1.0281681036652581,0.006197129355236974,176255.9429081064,8490496
32,16,0.0625,0.04,0.0016,0.0006634248407574636,1.0281681036652581,0.0064390978761421636,176255.9429081064,8490496
32,16,0.0625,0.08,0.0064,0.0026536993630298543,1.0281681036652581,0.007406971959755815,176255.9429081064,8490496
32,32,0.03125,0.0,0.0,0.0,1.0137923169447862,0.0014942660231092308,176255.9429081064,8490496
32,32,0.03125,0.02,0.0004,0.0001627893815863368,1.0137923169447862,0.0015745533654285826,176255.9429081064,8490496
32,32,0.03125,0.04,0.0016,0.0006511575263453472,1.0137923169447862,0.0018154153923955196,176255.9429081064,8490496
32,32,0.03125,0.08,0.0064,0.0026046301053813887,1.0137923169447862,0.0027788635002472806,176255.9429081064,8490496
32,64,0.015625,0.0,0.0,0.0,1.0068250774576406,0.0003692881234789308,176255.9429081064,8490496
32,64,0.015625,0.02,0.0004,0.00016129684575673343,1.0068250774576406,0.00044938984589661113,176255.9429081064,8490496
32,64,0.015625,0.04,0.0016,0.0006451873830269337,1.0068250774576406,0.0006896950131532048,176255.9429081064,8490496
32,64,0.015625,0.08,0.0064,0.002580749532107735,1.0068250774576406,0.001650915682172474,176255.9429081064,8490496
32,128,0.0078125,0.0,0.0,0.0,1.003394993726862,9.179205419761194e-05,176255.9429081064,8490496
32,128,0.0078125,0.02,0.0004,0.00016056046712243402,1.003394993726862,0.00017180065904830177,176255.9429081064,8490496
32,128,0.0078125,0.04,0.0016,0.0006422418684897361,1.003394993726862,0.00041182647359681857,176255.9429081064,8490496
32,128,0.0078125,0.08,0.0064,0.0025689674739589443,1.003394993726862,0.0013719297317944384,176255.9429081064,8490496
32,256,0.00390625,0.0,0.0,0.0,1.0016931383843208,2.288206581718341e-05,176255.9429081064,8490496
32,256,0.00390625,0.02,0.0004,0.00016019471033157625,1.0016931383843208,0.00010284403430554576,176255.9429081064,8490496
32,256,0.00390625,0.04,0.0016,0.000640778841326305,1.0016931383843208,0.0003427299397706328,176255.9429081064,8490496
32,256,0.00390625,0.08,0.0064,0.00256311536530522,1.0016931383843208,0.0013022735616203228,176255.9429081064,8490496
32,512,0.001953125,0.0,0.0,0.0,1.0008454830200706,5.712291636943492e-06,176255.9429081064,8490496
32,512,0.001953125,0.02,0.0004,0.00016001243518346978,1.0008454830200706,8.565092247171842e-05,176255.9429081064,8490496
32,512,0.001953125,0.04,0.0016,0.0006400497407338791,1.0008454830200706,0.00032546681498137227,176255.9429081064,8490496
32,512,0.001953125,0.08,0.0064,0.0025601989629355166,1.0008454830200706,0.001284730385021764,176255.9429081064,8490496
64,8,0.125,0.0,0.0,0.0,1.0587955275319167,0.05124445954603174,1360127.9701562133,117308416
64,8,0.125,0.02,0.0004,0.00017233970216384622,1.0587955275319167,0.051325844335481596,1360127.9701562133,117308416
64,8,0.125,0.04,0.0016,0.0006893588086553849,1.0587955275319167,0.05156999870384538,1360127.9701562133,117308416
64,8,0.125,0.08,0.0064,0.0027574352346215396,1.0587955275319167,0.052546616177282734,1360127.9701562133,117308416
64,16,0.0625,0.0,0.0,0.0,1.0281681036652581,0.012232946363207375,1360127.9701562133,117308416
64,16,0.0625,0.02,0.0004,0.0001658562101893659,1.0281681036652581,0.012313602536840662,1360127.9701562133,117308416
64,16,0.0625,0.04,0.0016,0.0006634248407574636,1.0281681036652581,0.012555571057740522,1360127.9701562133,117308416
64,16,0.0625,0.08,0.0064,0.0026536993630298543,1.0281681036652581,0.013523445141354173,1360127.9701562133,117308416
64,32,0.03125,0.0,0.0,0.0,1.0137923169447862,0.0029885320462184617,1360127.9701562133,117308416
64,32,0.03125,0.02,0.0004,0.0001627893815863368,1.0137923169447862,0.00306881938853959,1360127.9701562133,117308416
64,32,0.03125,0.04,0.0016,0.0006511575263453472,1.0137923169447862,0.003309681415502974,1360127.9701562133,117308416
64,32,0.03125,0.08,0.0064,0.0026046301053813887,1.0137923169447862,0.004273129523356511,1360127.9701562133,117308416
64,64,0.015625,0.0,0.0,0.0,1.0068250774576406,0.0007385762469578616,1360127.9701562133,117308416
64,64,0.015625,0.02,0.0004,0.00016129684575673343,1.0068250774576406,0.0008186779693790946,1360127.9701562133,117308416
64,64,0.015625,0.04,0.0016,0.0006451873830269337,1.0068250774576406,0.0010589831366321356,1360127.9701562133,117308416
64,64,0.015625,0.08,0.0064,0.002580749532107735,1.0068250774576406,0.0020202038056549576,1360127.9701562133,117308416
64,128,0.0078125,0.0,0.0,0.0,1.003394993726862,0.00018358410839522388,1360127.9701562133,117308416
64,128,0.0078125,0.02,0.0004,0.00016056046712243402,1.003394993726862,0.0002635927132459137,1360127.9701562133,117308416
64,128,0.0078125,0.04,0.0016,0.0006422418684897361,1.003394993726862,0.0005036185277944305,1360127.9701562133,117308416
64,128,0.0078125,0.08,0.0064,0.0025689674739589443,1.003394993726862,0.0014637217859920504,1360127.9701562133,117308416
64,256,0.00390625,0.0,0.0,0.0,1.0016931383843208,4.576413163436682e-05,1360127.9701562133,117308416
64,256,0.00390625,0.02,0.0004,0.00016019471033157625,1.0016931383843208,0.00012572610012272917,1360127.9701562133,117308416
64,256,0.00390625,0.04,0.0016,0.000640778841326305,1.0016931383843208,0.0003656120055878162,1360127.9701562133,117308416
64,256,0.00390625,0.08,0.0064,0.00256311536530522,1.0016931383843208,0.0013251556274375062,1360127.9701562133,117308416
64,512,0.001953125,0.0,0.0,0.0,1.0008454830200706,1.1424583273886985e-05,1360127.9701562133,117308416
64,512,0.001953125,0.02,0.0004,0.00016001243518346978,1.0008454830200706,9.136321411043827e-05,1360127.9701562133,117308416
64,512,0.001953125,0.04,0.0016,0.0006400497407338791,1.0008454830200706,0.0003311791066200921,1360127.9701562133,117308416
64,512,0.001953125,0.08,0.0064,0.0025601989629355166,1.0008454830200706,0.0012904426766622602,1360127.9701562133,117308416
128,8,0.125,0.0,0.0,0.0,1.0587955275319167,0.10248891909206348,10682879.984733734,1740077056
128,8,0.125,0.02,0.0004,0.00017233970216384622,1.0587955275319167,0.10257030388151689,10682879.984733734,1740077056
128,8,0.125,0.04,0.0016,0.0006893588086553849,1.0587955275319167,0.10281445824987001,10682879.984733734,1740077056
128,8,0.125,0.08,0.0064,0.0027574352346215396,1.0587955275319167,0.10379107572331092,10682879.984733734,1740077056
128,16,0.0625,0.0,0.0,0.0,1.0281681036652581,0.02446589272641475,10682879.984733734,1740077056
128,16,0.0625,0.02,0.0004,0.0001658562101893659,1.0281681036652581,0.02454654890005159,10682879.984733734,1740077056
128,16,0.0625,0.04,0.0016,0.0006634248407574636,1.0281681036652581,0.024788517420947898,10682879.984733734,1740077056
128,16,0.0625,0.08,0.0064,0.0026536993630298543,1.0281681036652581,0.025756391504568654,10682879.984733734,1740077056
128,32,0.03125,0.0,0.0,0.0,1.0137923169447862,0.005977064092436923,10682879.984733734,1740077056
128,32,0.03125,0.02,0.0004,0.0001627893815863368,1.0137923169447862,0.0060573514347580515,10682879.984733734,1740077056
128,32,0.03125,0.04,0.0016,0.0006511575263453472,1.0137923169447862,0.00629821346171433,10682879.984733734,1740077056
128,32,0.03125,0.08,0.0064,0.0026046301053813887,1.0137923169447862,0.0072616615695820785,10682879.984733734,1740077056
128,64,0.015625,0.0,0.0,0.0,1.0068250774576406,0.0014771524939157232,10682879.984733734,1740077056
128,64,0.015625,0.02,0.0004,0.00016129684575673343,1.0068250774576406,0.001557254216340509,10682879.984733734,1740077056
128,64,0.015625,0.04,0.0016,0.0006451873830269337,1.0068250774576406,0.0017975593835864445,10682879.984733734,1740077056
128,64,0.015625,0.08,0.0064,0.002580749532107735,1.0068250774576406,0.0027587800526128192,10682879.984733734,1740077056
128,128,0.0078125,0.0,0.0,0.0,1.003394993726862,0.00036716821679044775,10682879.984733734,1740077056
128,128,0.0078125,0.02,0.0004,0.00016056046712243402,1.003394993726862,0.0004471768216446903,10682879.984733734,1740077056
128,128,0.0078125,0.04,0.0016,0.0006422418684897361,1.003394993726862,0.0006872026361932071,10682879.984733734,1740077056
128,128,0.0078125,0.08,0.0064,0.0025689674739589443,1.003394993726862,0.0016473058943872743,10682879.984733734,1740077056
128,256,0.00390625,0.0,0.0,0.0,1.0016931383843208,9.152826326873365e-05,10682879.984733734,1740077056
128,256,0.00390625,0.02,0.0004,0.00016019471033157625,1.0016931383843208,0.000171490231757096,10682879.984733734,1740077056
128,256,0.00390625,0.04,0.0016,0.000640778841326305,1.0016931383843208,0.000411376137222183,10682879.984733734,1740077056
128,256,0.00390625,0.08,0.0064,0.00256311536530522,1.0016931383843208,0.0013709197590825312,10682879.984733734,1740077056
128,512,0.001953125,0.0,0.0,0.0,1.0008454830200706,2.284916654777397e-05,10682879.984733734,1740077056
128,512,0.001953125,0.02,0.0004,0.00016001243518346978,1.0008454830200706,0.00010278779737366711,10682879.984733734,1740077056
128,512,0.001953125,0.04,0.0016,0.0006400497407338791,1.0008454830200706,0.0003426036898868737,10682879.984733734,1740077056
128,512,0.001953125,0.08,0.0064,0.0025601989629355166,1.0008454830200706,0.001301867259925489,10682879.984733734,1740077056
256,8,0.125,0.0,0.0,0.0,1.0587955275319167,0.20497783818412696,84673535.99227811,26790916096
256,8,0.125,0.02,0.0004,0.00017233970216384622,1.0587955275319167,0.20505922297356616,84673535.99227811,26790916096
256,8,0.125,0.04,0.0016,0.0006893588086553849,1.0587955275319167,0.20530337734192639,84673535.99227811,26790916096
256,8,0.125,0.08,0.0064,0.0027574352346215396,1.0587955275319167,0.2062799948153815,84673535.99227811,26790916096
256,16,0.0625,0.0,0.0,0.0,1.0281681036652581,0.0489317854528295,84673535.99227811,26790916096
256,16,0.0625,0.02,0.0004,0.0001658562101893659,1.0281681036652581,0.04901244162645213,84673535.99227811,26790916096
256,16,0.0625,0.04,0.0016,0.0006634248407574636,1.0281681036652581,0.04925441014736265,84673535.99227811,26790916096
256,16,0.0625,0.08,0.0064,0.0026536993630298543,1.0281681036652581,0.05022228423096209,84673535.99227811,26790916096
256,32,0.03125,0.0,0.0,0.0,1.0137923169447862,0.011954128184873847,84673535.99227811,26790916096
256,32,0.03125,0.02,0.0004,0.0001627893815863368,1.0137923169447862,0.01203441552718787,84673535.99227811,26790916096
256,32,0.03125,0.04,0.0016,0.0006511575263453472,1.0137923169447862,0.01227527755415836,84673535.99227811,26790916096
256,32,0.03125,0.08,0.0064,0.0026046301053813887,1.0137923169447862,0.013238725662011896,84673535.99227811,26790916096
256,64,0.015625,0.0,0.0,0.0,1.0068250774576406,0.0029543049878314465,84673535.99227811,26790916096
256,64,0.015625,0.02,0.0004,0.00016129684575673343,1.0068250774576406,0.0030344067102633376,84673535.99227811,26790916096
256,64,0.015625,0.04,0.0016,0.0006451873830269337,1.0068250774576406,0.0032747118775163786,84673535.99227811,26790916096
256,64,0.015625,0.08,0.0064,0.002580749532107735,1.0068250774576406,0.0042359325465285425,84673535.99227811,26790916096
256,128,0.0078125,0.0,0.0,0.0,1.003394993726862,0.0007343364335808955,84673535.99227811,26790916096
256,128,0.0078125,0.02,0.0004,0.00016056046712243402,1.003394993726862,0.0008143450384351381,84673535.99227811,26790916096
256,128,0.0078125,0.04,0.0016,0.0006422418684897361,1.003394993726862,0.0010543708529836548,84673535.99227811,26790916096
256,128,0.0078125,0.08,0.0064,0.0025689674739589443,1.003394993726862,0.002014474111177722,84673535.99227811,26790916096
256,256,0.00390625,0.0,0.0,0.0,1.0016931383843208,0.0001830565265374673,84673535.99227811,26790916096
256,256,0.00390625,0.02,0.0004,0.00016019471033157625,1.0016931383843208,0.0002630184950187242,84673535.99227811,26790916096
256,256,0.00390625,0.04,0.0016,0.000640778841326305,1.0016931383843208,0.0005029044004909167,84673535.99227811,26790916096
256,256,0.00390625,0.08,0.0064,0.00256311536530522,1.0016931383843208,0.0014624480223512648,84673535.99227811,26790916096
256,512,0.001953125,0.0,0.0,0.0,1.0008454830200706,4.569833309554794e-05,84673535.99227811,26790916096
256,512,0.001953125,0.02,0.0004,0.00016001243518346978,1.0008454830200706,0.0001256369639285465,84673535.99227811,26790916096
256,512,0.001953125,0.04,0.0016,0.0006400497407338791,1.0008454830200706,0.00036545285644175307,84673535.99227811,26790916096
256,512,0.001953125,0.08,0.0064,0.0025601989629355166,1.0008454830200706,0.0013247164264803685,84673535.99227811,26790916096
