dimension,steps,h,epsilon,source_sigma,target_sigma,cross_covariance,h5_error,euler_mean_norm,euler_variance,mean_w2_component,covariance_w2_component,w2,source_score_l8,target_score_l8,joint_score_l8,source_hessian_l2,target_hessian_l2,joint_hessian_l2,source_alpha,target_alpha,lemma_joint_alpha,source_M,target_M,lemma_joint_M,H8_source,H8_target,independent_factorization
1,8,0.125,0.0,0.5,1.5,0.0,0.0,1.0000000000000002,2.192412767505261,2.220446049250313e-16,0.01932016711739437,0.01932016711739437,3.578315733941699,1.1927719113138995,3.609034757185814,4.0,0.4444444444444444,4.0,4.0,0.4444444444444444,0.4444444444444444,0.0,0.0,0.0,True,True,True
1,8,0.125,0.0,0.75,2.0,0.0,0.0,1.0,3.5986734802948486,0.0,0.10298300474274913,0.10298300474274913,2.385543822627799,0.8945789334854247,2.4120730289896275,1.7777777777777777,0.25,1.7777777777777777,1.7777777777777777,0.25,0.25,0.0,0.0,0.0,True,True,True
1,8,0.125,0.0,1.0,0.75,0.0,0.0,1.0,0.6681030425294927,0.0,0.06737570463618059,0.06737570463618059,1.7891578669708494,2.385543822627799,2.5464990785711614,1.0,1.7777777777777777,1.7777777777777777,1.0,1.7777777777777777,1.0,0.0,0.0,0.0,True,True,True
1,8,0.125,0.0,2.0,1.25,0.0,0.0,1.0,1.4574795406290415,0.0,0.042738826670450036,0.042738826670450036,0.8945789334854247,1.4313262935766795,1.4872785572329401,0.25,0.64,0.64,0.25,0.64,0.25,0.0,0.0,0.0,True,True,True
1,8,0.125,0.04,0.5,1.5,0.0,0.04,1.0402119986934455,2.192412767505261,0.040211998693445494,0.01932016711739437,0.044612483638166896,3.578315733941699,1.1927719113138995,3.609034757185814,4.0,0.4444444444444444,4.0,4.0,0.4444444444444444,0.4444444444444444,0.0,0.0,0.0,True,True,True
1,8,0.125,0.04,0.75,2.0,0.0,0.04,1.047939814523505,3.5986734802948486,0.04793981452350504,0.10298300474274913,0.11359456449317086,2.385543822627799,0.8945789334854247,2.4120730289896275,1.7777777777777777,0.25,1.7777777777777777,1.7777777777777777,0.25,0.25,0.0,0.0,0.0,True,True,True
1,8,0.125,0.04,1.0,0.75,0.0,0.04,1.020098061945708,0.6681030425294927,0.020098061945708068,0.06737570463618059,0.07030944224779034,1.7891578669708494,2.385543822627799,2.5464990785711614,1.0,1.7777777777777777,1.7777777777777777,1.0,1.7777777777777777,1.0,0.0,0.0,0.0,True,True,True
1,8,0.125,0.04,2.0,1.25,0.0,0.04,1.0270681926481475,1.4574795406290415,0.027068192648147527,0.042738826670450036,0.0505894688488029,0.8945789334854247,1.4313262935766795,1.4872785572329401,0.25,0.64,0.64,0.25,0.64,0.25,0.0,0.0,0.0,True,True,True
1,16,0.0625,0.0,0.5,1.5,0.0,0.0,1.0000000000000002,2.220494054070335,2.220446049250313e-16,0.00986777295760266,0.00986777295760266,3.578315733941699,1.1927719113138995,3.609034757185814,4.0,0.4444444444444444,4.0,4.0,0.4444444444444444,0.4444444444444444,0.0,0.0,0.0,True,True,True
1,16,0.0625,0.0,0.75,2.0,0.0,0.0,0.9999999999999998,3.7923846840797872,2.220446049250313e-16,0.0525953979514715,0.0525953979514715,2.385543822627799,0.8945789334854247,2.4120730289896275,1.7777777777777777,0.25,1.7777777777777777,1.7777777777777777,0.25,0.25,0.0,0.0,0.0,True,True,True
1,16,0.0625,0.0,1.0,0.75,0.0,0.0,1.0,0.6122821866789071,0.0,0.032484623924909584,0.032484623924909584,1.7891578669708494,2.385543822627799,2.5464990785711614,1.0,1.7777777777777777,1.7777777777777777,1.0,1.7777777777777777,1.0,0.0,0.0,0.0,True,True,True
1,16,0.0625,0.0,2.0,1.25,0.0,0.0,1.0,1.5065305450242437,0.0,0.022591940296853075,0.022591940296853075,0.8945789334854247,1.4313262935766795,1.4872785572329401,0.25,0.64,0.64,0.25,0.64,0.25,0.0,0.0,0.0,True,True,True
1,16,0.0625,0.04,0.5,1.5,0.0,0.04,1.0403155294197441,2.220494054070335,0.040315529419744145,0.00986777295760266,0.04150560029125046,3.578315733941699,1.1927719113138995,3.609034757185814,4.0,0.4444444444444444,4.0,4.0,0.4444444444444444,0.4444444444444444,0.0,0.0,0.0,True,True,True
1,16,0.0625,0.04,0.75,2.0,0.0,0.04,1.0487522899326172,3.7923846840797872,0.048752289932617154,0.0525953979514715,0.07171514246899058,2.385543822627799,0.8945789334854247,2.4120730289896275,1.7777777777777777,0.25,1.7777777777777777,1.7777777777777777,0.25,0.25,0.0,0.0,0.0,True,True,True
1,16,0.0625,0.04,1.0,0.75,0.0,0.04,1.0192804211632756,0.6122821866789071,0.019280421163275552,0.032484623924909584,0.0377754607089853,1.7891578669708494,2.385543822627799,2.5464990785711614,1.0,1.7777777777777777,1.7777777777777777,1.0,1.7777777777777777,1.0,0.0,0.0,0.0,True,True,True
1,16,0.0625,0.04,2.0,1.25,0.0,0.04,1.0270489876897355,1.5065305450242437,0.027048987689735515,0.022591940296853075,0.03524263754908303,0.8945789334854247,1.4313262935766795,1.4872785572329401,0.25,0.64,0.64,0.25,0.64,0.25,0.0,0.0,0.0,True,True,True
1,32,0.03125,0.0,0.5,1.5,0.0,0.0,0.9999999999999998,2.2350817230900857,2.220446049250313e-16,0.004981029187226094,0.004981029187226094,3.578315733941699,1.1927719113138995,3.609034757185814,4.0,0.4444444444444444,4.0,4.0,0.4444444444444444,0.4444444444444444,0.0,0.0,0.0,True,True,True
1,32,0.03125,0.0,0.75,2.0,0.0,0.0,1.0,3.8944041887511784,0.0,0.026575517342713573,0.026575517342713573,2.385543822627799,0.8945789334854247,2.4120730289896275,1.7777777777777777,0.25,1.7777777777777777,1.7777777777777777,0.25,0.25,0.0,0.0,0.0,True,True,True
1,32,0.03125,0.0,1.0,0.75,0.0,0.0,1.0,0.5866477716374748,0.0,0.01592935159678721,0.01592935159678721,1.7891578669708494,2.385543822627799,2.5464990785711614,1.0,1.7777777777777777,1.7777777777777777,1.0,1.7777777777777777,1.0,0.0,0.0,0.0,True,True,True
1,32,0.03125,0.0,2.0,1.25,0.0,0.0,0.9999999999999999,1.5336503772666594,1.1102230246251565e-16,0.01159361384614166,0.01159361384614166,0.8945789334854247,1.4313262935766795,1.4872785572329401,0.25,0.64,0.64,0.25,0.64,0.25,0.0,0.0,0.0,True,True,True
1,32,0.03125,0.04,0.5,1.5,0.0,0.04,1.0403785922641986,2.2350817230900857,0.0403785922641986,0.004981029187226094,0.04068465761195978,3.578315733941699,1.1927719113138995,3.609034757185814,4.0,0.4444444444444444,4.0,4.0,0.4444444444444444,0.4444444444444444,0.0,0.0,0.0,True,True,True
1,32,0.03125,0.04,0.75,2.0,0.0,0.04,1.0491922911619544,3.8944041887511784,0.04919229116195445,0.026575517342713573,0.05591189168500178,2.385543822627799,0.8945789334854247,2.4120730289896275,1.7777777777777777,0.25,1.7777777777777777,1.7777777777777777,0.25,0.25,0.0,0.0,0.0,True,True,True
1,32,0.03125,0.04,1.0,0.75,0.0,0.04,1.0188923599981703,0.5866477716374748,0.018892359998170294,0.01592935159678721,0.024711647225438702,1.7891578669708494,2.385543822627799,2.5464990785711614,1.0,1.7777777777777777,1.7777777777777777,1.0,1.7777777777777777,1.0,0.0,0.0,0.0,True,True,True
1,32,0.03125,0.04,2.0,1.25,0.0,0.04,1.0270541687776433,1.5336503772666594,0.027054168777643328,0.01159361384614166,0.029433653022733326,0.8945789334854247,1.4313262935766795,1.4872785572329401,0.25,0.64,0.64,0.25,0.64,0.25,0.0,0.0,0.0,True,True,True
1,64,0.015625,0.0,0.5,1.5,0.0,0.0,0.9999999999999998,2.242501076820325,2.220446049250313e-16,0.002501727273007903,0.002501727273007903,3.578315733941699,1.1927719113138995,3.609034757185814,4.0,0.4444444444444444,4.0,4.0,0.4444444444444444,0.4444444444444444,0.0,0.0,0.0,True,True,True
1,64,0.015625,0.0,0.75,2.0,0.0,0.0,1.0000000000000004,3.9467477554125905,4.440892098500626e-16,0.013357667970253173,0.013357667970253173,2.385543822627799,0.8945789334854247,2.4120730289896275,1.7777777777777777,0.25,1.7777777777777777,1.7777777777777777,0.25,0.25,0.0,0.0,0.0,True,True,True
1,64,0.015625,0.0,1.0,0.75,0.0,0.0,1.0,0.5743902322155865,0.0,0.00788536878316004,0.00788536878316004,1.7891578669708494,2.385543822627799,2.5464990785711614,1.0,1.7777777777777777,1.7777777777777777,1.0,1.7777777777777777,1.0,0.0,0.0,0.0,True,True,True
1,64,0.015625,0.0,2.0,1.25,0.0,0.0,1.0,1.5478584070439876,0.0,0.005870421923830582,0.005870421923830582,0.8945789334854247,1.4313262935766795,1.4872785572329401,0.25,0.64,0.64,0.25,0.64,0.25,0.0,0.0,0.0,True,True,True
1,64,0.015625,0.04,0.5,1.5,0.0,0.04,1.0404130675492744,2.242501076820325,0.04041306754927443,0.002501727273007903,0.04049042686970254,3.578315733941699,1.1927719113138995,3.609034757185814,4.0,0.4444444444444444,4.0,4.0,0.4444444444444444,0.4444444444444444,0.0,0.0,0.0,True,True,True
1,64,0.015625,0.04,0.75,2.0,0.0,0.04,1.0494209512575667,3.9467477554125905,0.049420951257566736,0.013357667970253173,0.05119431332488321,2.385543822627799,0.8945789334854247,2.4120730289896275,1.7777777777777777,0.25,1.7777777777777777,1.7777777777777777,0.25,0.25,0.0,0.0,0.0,True,True,True
1,64,0.015625,0.04,1.0,0.75,0.0,0.04,1.018703357041704,0.5743902322155865,0.018703357041703894,0.00788536878316004,0.020297650245185758,1.7891578669708494,2.385543822627799,2.5464990785711614,1.0,1.7777777777777777,1.7777777777777777,1.0,1.7777777777777777,1.0,0.0,0.0,0.0,True,True,True
1,64,0.015625,0.04,2.0,1.25,0.0,0.04,1.0270603740936097,1.5478584070439876,0.02706037409360973,0.005870421923830582,0.027689812199614056,0.8945789334854247,1.4313262935766795,1.4872785572329401,0.25,0.64,0.64,0.25,0.64,0.25,0.0,0.0,0.0,True,True,True
1,128,0.0078125,0.0,0.5,1.5,0.0,0.0,0.9999999999999998,2.246240777238735,2.220446049250313e-16,0.001253598089811847,0.001253598089811847,3.578315733941699,1.1927719113138995,3.609034757185814,4.0,0.4444444444444444,4.0,4.0,0.4444444444444444,0.4444444444444444,0.0,0.0,0.0,True,True,True
1,128,0.0078125,0.0,0.75,2.0,0.0,0.0,0.9999999999999993,3.9732593134703893,6.661338147750939e-16,0.006696382015426883,0.006696382015426883,2.385543822627799,0.8945789334854247,2.4120730289896275,1.7777777777777777,0.25,1.7777777777777777,1.7777777777777777,0.25,0.25,0.0,0.0,0.0,True,True,True
1,128,0.0078125,0.0,1.0,0.75,0.0,0.0,0.9999999999999999,0.5683995202399131,1.1102230246251565e-16,0.003922754823007857,0.003922754823007857,1.7891578669708494,2.385543822627799,2.5464990785711614,1.0,1.7777777777777777,1.7777777777777777,1.0,1.7777777777777777,1.0,0.0,0.0,0.0,True,True,True
1,128,0.0078125,0.0,2.0,1.25,0.0,0.0,1.0,1.5551249060007581,0.0,0.002953526928223038,0.002953526928223038,0.8945789334854247,1.4313262935766795,1.4872785572329401,0.25,0.64,0.64,0.25,0.64,0.25,0.0,0.0,0.0,True,True,True
1,128,0.0078125,0.04,0.5,1.5,0.0,0.04,1.040431043755521,2.246240777238735,0.04043104375552109,0.001253598089811847,0.0404504735118347,3.578315733941699,1.1927719113138995,3.609034757185814,4.0,0.4444444444444444,4.0,4.0,0.4444444444444444,0.4444444444444444,0.0,0.0,0.0,True,True,True
1,128,0.0078125,0.04,0.75,2.0,0.0,0.04,1.04953747282834,3.9732593134703893,0.04953747282833998,0.006696382015426883,0.04998802602939082,2.385543822627799,0.8945789334854247,2.4120730289896275,1.7777777777777777,0.25,1.7777777777777777,1.7777777777777777,0.25,0.25,0.0,0.0,0.0,True,True,True
1,128,0.0078125,0.04,1.0,0.75,0.0,0.04,1.018610091259448,0.5683995202399131,0.018610091259448014,0.003922754823007857,0.019019029998567614,1.7891578669708494,2.385543822627799,2.5464990785711614,1.0,1.7777777777777777,1.7777777777777777,1.0,1.7777777777777777,1.0,0.0,0.0,0.0,True,True,True
1,128,0.0078125,0.04,2.0,1.25,0.0,0.04,1.0270643723027957,1.5551249060007581,0.02706437230279568,0.002953526928223038,0.027225054076347996,0.8945789334854247,1.4313262935766795,1.4872785572329401,0.25,0.64,0.64,0.25,0.64,0.25,0.0,0.0,0.0,True,True,True
1,256,0.00390625,0.0,0.5,1.5,0.0,0.0,1.0000000000000002,2.248117970855618,2.220446049250313e-16,0.0006274742894554208,0.0006274742894554208,3.578315733941699,1.1927719113138995,3.609034757185814,4.0,0.4444444444444444,4.0,4.0,0.4444444444444444,0.4444444444444444,0.0,0.0,0.0,True,True,True
1,256,0.00390625,0.0,0.75,2.0,0.0,0.0,1.0000000000000004,3.986600889009876,4.440892098500626e-16,0.0033525877086169054,0.0033525877086169054,2.385543822627799,0.8945789334854247,2.4120730289896275,1.7777777777777777,0.25,1.7777777777777777,1.7777777777777777,0.25,0.25,0.0,0.0,0.0,True,True,True
1,256,0.00390625,0.0,1.0,0.75,0.0,0.0,1.0,0.5654384035980339,0.0,0.0019563841061752685,0.0019563841061752685,1.7891578669708494,2.385543822627799,2.5464990785711614,1.0,1.7777777777777777,1.7777777777777777,1.0,1.7777777777777777,1.0,0.0,0.0,0.0,True,True,True
1,256,0.00390625,0.0,2.0,1.25,0.0,0.0,0.9999999999999987,1.5587988638709014,1.3322676295501878e-15,0.0014813321896618437,0.0014813321896618437,0.8945789334854247,1.4313262935766795,1.4872785572329401,0.25,0.64,0.64,0.25,0.64,0.25,0.0,0.0,0.0,True,True,True
1,256,0.00390625,0.04,0.5,1.5,0.0,0.04,1.040440215927556,2.248117970855618,0.04044021592755609,0.0006274742894554208,0.040445083610388156,3.578315733941699,1.1927719113138995,3.609034757185814,4.0,0.4444444444444444,4.0,4.0,0.4444444444444444,0.4444444444444444,0.0,0.0,0.0,True,True,True
1,256,0.00390625,0.04,0.75,2.0,0.0,0.04,1.0495962849216627,3.986600889009876,0.04959628492166268,0.0033525877086169054,0.049709469141952366,2.385543822627799,0.8945789334854247,2.4120730289896275,1.7777777777777777,0.25,1.7777777777777777,1.7777777777777777,0.25,0.25,0.0,0.0,0.0,True,True,True
1,256,0.00390625,0.04,1.0,0.75,0.0,0.04,1.0185637645812153,0.5654384035980339,0.018563764581215336,0.0019563841061752685,0.018666568891943697,1.7891578669708494,2.385543822627799,2.5464990785711614,1.0,1.7777777777777777,1.7777777777777777,1.0,1.7777777777777777,1.0,0.0,0.0,0.0,True,True,True
1,256,0.00390625,0.04,2.0,1.25,0.0,0.04,1.0270665943963222,1.5587988638709014,0.027066594396322197,0.0014813321896618437,0.0271071001265563,0.8945789334854247,1.4313262935766795,1.4872785572329401,0.25,0.64,0.64,0.25,0.64,0.25,0.0,0.0,0.0,True,True,True
1,512,0.001953125,0.0,0.5,1.5,0.0,0.0,1.0000000000000029,2.249058383762485,2.886579864025407e-15,0.00031390492460547925,0.00031390492460547925,3.578315733941699,1.1927719113138995,3.609034757185814,4.0,0.4444444444444444,4.0,4.0,0.4444444444444444,0.4444444444444444,0.0,0.0,0.0,True,True,True
1,512,0.001953125,0.0,0.75,2.0,0.0,0.0,0.9999999999999998,3.993293236474621,2.220446049250313e-16,0.0016773942942494013,0.0016773942942494013,2.385543822627799,0.8945789334854247,2.4120730289896275,1.7777777777777777,0.25,1.7777777777777777,1.7777777777777777,0.25,0.25,0.0,0.0,0.0,True,True,True
1,512,0.001953125,0.0,1.0,0.75,0.0,0.0,1.0,0.5639663681425604,0.0,0.0009769424839622953,0.0009769424839622953,1.7891578669708494,2.385543822627799,2.5464990785711614,1.0,1.7777777777777777,1.7777777777777777,1.0,1.7777777777777777,1.0,0.0,0.0,0.0,True,True,True
1,512,0.001953125,0.0,2.0,1.25,0.0,0.0,0.9999999999999993,1.5606460326865583,6.661338147750939e-16,0.0007418070364484386,0.0007418070364484386,0.8945789334854247,1.4313262935766795,1.4872785572329401,0.25,0.64,0.64,0.25,0.64,0.25,0.0,0.0,0.0,True,True,True
1,512,0.001953125,0.04,0.5,1.5,0.0,0.04,1.0404448479031476,2.249058383762485,0.04044484790314762,0.00031390492460547925,0.040446066041216366,3.578315733941699,1.1927719113138995,3.609034757185814,4.0,0.4444444444444444,4.0,4.0,0.4444444444444444,0.4444444444444444,0.0,0.0,0.0,True,True,True
1,512,0.001953125,0.04,0.75,2.0,0.0,0.04,1.0496258292326546,3.993293236474621,0.04962582923265457,0.0016773942942494013,0.04965416980120575,2.385543822627799,0.8945789334854247,2.4120730289896275,1.7777777777777777,0.25,1.7777777777777777,1.7777777777777777,0.25,0.25,0.0,0.0,0.0,True,True,True
1,512,0.001953125,0.04,1.0,0.75,0.0,0.04,1.0185406774527843,0.5639663681425604,0.018540677452784315,0.0009769424839622953,0.018566398062767994,1.7891578669708494,2.385543822627799,2.5464990785711614,1.0,1.7777777777777777,1.7777777777777777,1.0,1.7777777777777777,1.0,0.0,0.0,0.0,True,True,True
1,512,0.001953125,0.04,2.0,1.25,0.0,0.04,1.027067761085243,1.5606460326865583,0.027067761085243003,0.0007418070364484386,0.027077923994411387,0.8945789334854247,1.4313262935766795,1.4872785572329401,0.25,0.64,0.64,0.25,0.64,0.25,0.0,0.0,0.0,True,True,True
4,8,0.125,0.0,0.5,1.5,0.0,0.0,1.0000000000000002,2.192412767505261,2.220446049250313e-16,0.03864033423478874,0.03864033423478874,5.1456785128081,1.7152261709360335,5.265582073821485,4.0,0.4444444444444444,4.0,4.0,0.4444444444444444,0.4444444444444444,0.0,0.0,0.0,True,True,True
4,8,0.125,0.0,0.75,2.0,0.0,0.0,1.0,3.5986734802948486,0.0,0.20596600948549826,0.20596600948549826,3.430452341872067,1.286419628202025,3.5329006392412854,1.7777777777777777,0.25,1.7777777777777777,1.7777777777777777,0.25,0.25,0.0,0.0,0.0,True,True,True
4,8,0.125,0.0,1.0,0.75,0.0,0.0,1.0,0.6681030425294927,0.0,0.13475140927236118,0.13475140927236118,2.57283925640405,3.430452341872067,3.911028047667439,1.0,1.7777777777777777,1.7777777777777777,1.0,1.7777777777777777,1.0,0.0,0.0,0.0,True,True,True
4,8,0.125,0.0,2.0,1.25,0.0,0.0,1.0,1.4574795406290415,0.0,0.08547765334090007,0.08547765334090007,1.286419628202025,2.0582714051232402,2.2471190918878086,0.25,0.64,0.64,0.25,0.64,0.25,0.0,0.0,0.0,True,True,True
4,8,0.125,0.04,0.5,1.5,0.0,0.04,1.0402119986934455,2.192412767505261,0.040211998693445494,0.03864033423478874,0.055768093644106655,5.1456785128081,1.7152261709360335,5.265582073821485,4.0,0.4444444444444444,4.0,4.0,0.4444444444444444,0.4444444444444444,0.0,0.0,0.0,True,True,True
4,8,0.125,0.04,0.75,2.0,0.0,0.04,1.047939814523505,3.5986734802948486,0.04793981452350504,0.20596600948549826,0.21147156518058977,3.430452341872067,1.286419628202025,3.5329006392412854,1.7777777777777777,0.25,1.7777777777777777,1.7777777777777777,0.25,0.25,0.0,0.0,0.0,True,True,True
4,8,0.125,0.04,1.0,0.75,0.0,0.04,1.020098061945708,0.6681030425294927,0.020098061945708068,0.13475140927236118,0.1362419700197443,2.57283925640405,3.430452341872067,3.911028047667439,1.0,1.7777777777777777,1.7777777777777777,1.0,1.7777777777777777,1.0,0.0,0.0,0.0,True,True,True
4,8,0.125,0.04,2.0,1.25,0.0,0.04,1.0270681926481475,1.4574795406290415,0.027068192648147527,0.08547765334090007,0.08966111907568583,1.286419628202025,2.0582714051232402,2.2471190918878086,0.25,0.64,0.64,0.25,0.64,0.25,0.0,0.0,0.0,True,True,True
4,16,0.0625,0.0,0.5,1.5,0.0,0.0,1.0000000000000002,2.220494054070335,2.220446049250313e-16,0.01973554591520532,0.01973554591520532,5.1456785128081,1.7152261709360335,5.265582073821485,4.0,0.4444444444444444,4.0,4.0,0.4444444444444444,0.4444444444444444,0.0,0.0,0.0,True,True,True
4,16,0.0625,0.0,0.75,2.0,0.0,0.0,0.9999999999999998,3.7923846840797872,2.220446049250313e-16,0.105190795902943,0.105190795902943,3.430452341872067,1.286419628202025,3.5329006392412854,1.7777777777777777,0.25,1.7777777777777777,1.7777777777777777,0.25,0.25,0.0,0.0,0.0,True,True,True
4,16,0.0625,0.0,1.0,0.75,0.0,0.0,1.0,0.6122821866789071,0.0,0.06496924784981917,0.06496924784981917,2.57283925640405,3.430452341872067,3.911028047667439,1.0,1.7777777777777777,1.7777777777777777,1.0,1.7777777777777777,1.0,0.0,0.0,0.0,True,True,True
4,16,0.0625,0.0,2.0,1.25,0.0,0.0,1.0,1.5065305450242437,0.0,0.04518388059370615,0.04518388059370615,1.286419628202025,2.0582714051232402,2.2471190918878086,0.25,0.64,0.64,0.25,0.64,0.25,0.0,0.0,0.0,True,True,True
4,16,0.0625,0.04,0.5,1.5,0.0,0.04,1.0403155294197441,2.220494054070335,0.040315529419744145,0.01973554591520532,0.0448868988120747,5.1456785128081,1.7152261709360335,5.265582073821485,4.0,0.4444444444444444,4.0,4.0,0.4444444444444444,0.4444444444444444,0.0,0.0,0.0,True,True,True
4,16,0.0625,0.04,0.75,2.0,0.0,0.04,1.0487522899326172,3.7923846840797872,0.048752289932617154,0.105190795902943,0.11593916213414937,3.430452341872067,1.286419628202025,3.5329006392412854,1.7777777777777777,0.25,1.7777777777777777,1.7777777777777777,0.25,0.25,0.0,0.0,0.0,True,True,True
4,16,0.0625,0.04,1.0,0.75,0.0,0.04,1.0192804211632756,0.6122821866789071,0.019280421163275552,0.06496924784981917,0.06776974108261383,2.57283925640405,3.430452341872067,3.911028047667439,1.0,1.7777777777777777,1.7777777777777777,1.0,1.7777777777777777,1.0,0.0,0.0,0.0,True,True,True
4,16,0.0625,0.04,2.0,1.25,0.0,0.04,1.0270489876897355,1.5065305450242437,0.027048987689735515,0.04518388059370615,0.052661473588817835,1.286419628202025,2.0582714051232402,2.2471190918878086,0.25,0.64,0.64,0.25,0.64,0.25,0.0,0.0,0.0,True,True,True
4,32,0.03125,0.0,0.5,1.5,0.0,0.0,0.9999999999999998,2.2350817230900857,2.220446049250313e-16,0.009962058374452187,0.009962058374452187,5.1456785128081,1.7152261709360335,5.265582073821485,4.0,0.4444444444444444,4.0,4.0,0.4444444444444444,0.4444444444444444,0.0,0.0,0.0,True,True,True
4,32,0.03125,0.0,0.75,2.0,0.0,0.0,1.0,3.8944041887511784,0.0,0.053151034685427145,0.053151034685427145,3.430452341872067,1.286419628202025,3.5329006392412854,1.7777777777777777,0.25,1.7777777777777777,1.7777777777777777,0.25,0.25,0.0,0.0,0.0,True,True,True
4,32,0.03125,0.0,1.0,0.75,0.0,0.0,1.0,0.5866477716374748,0.0,0.03185870319357442,0.03185870319357442,2.57283925640405,3.430452341872067,3.911028047667439,1.0,1.7777777777777777,1.7777777777777777,1.0,1.7777777777777777,1.0,0.0,0.0,0.0,True,True,True
4,32,0.03125,0.0,2.0,1.25,0.0,0.0,0.9999999999999999,1.5336503772666594,1.1102230246251565e-16,0.02318722769228332,0.02318722769228332,1.286419628202025,2.0582714051232402,2.2471190918878086,0.25,0.64,0.64,0.25,0.64,0.25,0.0,0.0,0.0,True,True,True
4,32,0.03125,0.04,0.5,1.5,0.0,0.04,1.0403785922641986,2.2350817230900857,0.0403785922641986,0.009962058374452187,0.041589341426552934,5.1456785128081,1.7152261709360335,5.265582073821485,4.0,0.4444444444444444,4.0,4.0,0.4444444444444444,0.4444444444444444,0.0,0.0,0.0,True,True,True
4,32,0.03125,0.04,0.75,2.0,0.0,0.04,1.0491922911619544,3.8944041887511784,0.04919229116195445,0.053151034685427145,0.0724217784778445,3.430452341872067,1.286419628202025,3.5329006392412854,1.7777777777777777,0.25,1.7777777777777777,1.7777777777777777,0.25,0.25,0.0,0.0,0.0,True,True,True
4,32,0.03125,0.04,1.0,0.75,0.0,0.04,1.0188923599981703,0.5866477716374748,0.018892359998170294,0.03185870319357442,0.037039144637487705,2.57283925640405,3.430452341872067,3.911028047667439,1.0,1.7777777777777777,1.7777777777777777,1.0,1.7777777777777777,1.0,0.0,0.0,0.0,True,True,True
4,32,0.03125,0.04,2.0,1.25,0.0,0.04,1.0270541687776433,1.5336503772666594,0.027054168777643328,0.02318722769228332,0.035631104056750774,1.286419628202025,2.0582714051232402,2.2471190918878086,0.25,0.64,0.64,0.25,0.64,0.25,0.0,0.0,0.0,True,True,True
4,64,0.015625,0.0,0.5,1.5,0.0,0.0,0.9999999999999998,2.242501076820325,2.220446049250313e-16,0.005003454546015806,0.005003454546015806,5.1456785128081,1.7152261709360335,5.265582073821485,4.0,0.4444444444444444,4.0,4.0,0.4444444444444444,0.4444444444444444,0.0,0.0,0.0,True,True,True
4,64,0.015625,0.0,0.75,2.0,0.0,0.0,1.0000000000000004,3.9467477554125905,4.440892098500626e-16,0.026715335940506346,0.026715335940506346,3.430452341872067,1.286419628202025,3.5329006392412854,1.7777777777777777,0.25,1.7777777777777777,1.7777777777777777,0.25,0.25,0.0,0.0,0.0,True,True,True
4,64,0.015625,0.0,1.0,0.75,0.0,0.0,1.0,0.5743902322155865,0.0,0.01577073756632008,0.01577073756632008,2.57283925640405,3.430452341872067,3.911028047667439,1.0,1.7777777777777777,1.7777777777777777,1.0,1.7777777777777777,1.0,0.0,0.0,0.0,True,True,True
4,64,0.015625,0.0,2.0,1.25,0.0,0.0,1.0,1.5478584070439876,0.0,0.011740843847661164,0.011740843847661164,1.286419628202025,2.0582714051232402,2.2471190918878086,0.25,0.64,0.64,0.25,0.64,0.25,0.0,0.0,0.0,True,True,True
4,64,0.015625,0.04,0.5,1.5,0.0,0.04,1.0404130675492744,2.242501076820325,0.04041306754927443,0.005003454546015806,0.040721623078362974,5.1456785128081,1.7152261709360335,5.265582073821485,4.0,0.4444444444444444,4.0,4.0,0.4444444444444444,0.4444444444444444,0.0,0.0,0.0,True,True,True
4,64,0.015625,0.04,0.75,2.0,0.0,0.04,1.0494209512575667,3.9467477554125905,0.049420951257566736,0.026715335940506346,0.05617953005870463,3.430452341872067,1.286419628202025,3.5329006392412854,1.7777777777777777,0.25,1.7777777777777777,1.7777777777777777,0.25,0.25,0.0,0.0,0.0,True,True,True
4,64,0.015625,0.04,1.0,0.75,0.0,0.04,1.018703357041704,0.5743902322155865,0.018703357041703894,0.01577073756632008,0.024464908093332256,2.57283925640405,3.430452341872067,3.911028047667439,1.0,1.7777777777777777,1.7777777777777777,1.0,1.7777777777777777,1.0,0.0,0.0,0.0,True,True,True
4,64,0.015625,0.04,2.0,1.25,0.0,0.04,1.0270603740936097,1.5478584070439876,0.02706037409360973,0.011740843847661164,0.029497648386630205,1.286419628202025,2.0582714051232402,2.2471190918878086,0.25,0.64,0.64,0.25,0.64,0.25,0.0,0.0,0.0,True,True,True
4,128,0.0078125,0.0,0.5,1.5,0.0,0.0,0.9999999999999998,2.246240777238735,2.220446049250313e-16,0.002507196179623694,0.002507196179623694,5.1456785128081,1.7152261709360335,5.265582073821485,4.0,0.4444444444444444,4.0,4.0,0.4444444444444444,0.4444444444444444,0.0,0.0,0.0,True,True,True
4,128,0.0078125,0.0,0.75,2.0,0.0,0.0,0.9999999999999993,3.9732593134703893,6.661338147750939e-16,0.013392764030853765,0.013392764030853765,3.430452341872067,1.286419628202025,3.5329006392412854,1.7777777777777777,0.25,1.7777777777777777,1.7777777777777777,0.25,0.25,0.0,0.0,0.0,True,True,True
4,128,0.0078125,0.0,1.0,0.75,0.0,0.0,0.9999999999999999,0.5683995202399131,1.1102230246251565e-16,0.007845509646015714,0.007845509646015714,2.57283925640405,3.430452341872067,3.911028047667439,1.0,1.7777777777777777,1.7777777777777777,1.0,1.7777777777777777,1.0,0.0,0.0,0.0,True,True,True
4,128,0.0078125,0.0,2.0,1.25,0.0,0.0,1.0,1.5551249060007581,0.0,0.005907053856446076,0.005907053856446076,1.286419628202025,2.0582714051232402,2.2471190918878086,0.25,0.64,0.64,0.25,0.64,0.25,0.0,0.0,0.0,True,True,True
4,128,0.0078125,0.04,0.5,1.5,0.0,0.04,1.040431043755521,2.246240777238735,0.04043104375552109,0.002507196179623694,0.04050870686462332,5.1456785128081,1.7152261709360335,5.265582073821485,4.0,0.4444444444444444,4.0,4.0,0.4444444444444444,0.4444444444444444,0.0,0.0,0.0,True,True,True
4,128,0.0078125,0.04,0.75,2.0,0.0,0.04,1.04953747282834,3.9732593134703893,0.04953747282833998,0.013392764030853765,0.05131595602348895,3.430452341872067,1.286419628202025,3.5329006392412854,1.7777777777777777,0.25,1.7777777777777777,1.7777777777777777,0.25,0.25,0.0,0.0,0.0,True,True,True
4,128,0.0078125,0.04,1.0,0.75,0.0,0.04,1.018610091259448,0.5683995202399131,0.018610091259448014,0.007845509646015714,0.020196225347591787,2.57283925640405,3.430452341872067,3.911028047667439,1.0,1.7777777777777777,1.7777777777777777,1.0,1.7777777777777777,1.0,0.0,0.0,0.0,True,True,True
4,128,0.0078125,0.04,2.0,1.25,0.0,0.04,1.0270643723027957,1.5551249060007581,0.02706437230279568,0.005907053856446076,0.027701507782200024,1.286419628202025,2.0582714051232402,2.2471190918878086,0.25,0.64,0.64,0.25,0.64,0.25,0.0,0.0,0.0,True,True,True
4,256,0.00390625,0.0,0.5,1.5,0.0,0.0,1.0000000000000002,2.248117970855618,2.220446049250313e-16,0.0012549485789108417,0.0012549485789108417,5.1456785128081,1.7152261709360335,5.265582073821485,4.0,0.4444444444444444,4.0,4.0,0.4444444444444444,0.4444444444444444,0.0,0.0,0.0,True,True,True
4,256,0.00390625,0.0,0.75,2.0,0.0,0.0,1.0000000000000004,3.986600889009876,4.440892098500626e-16,0.006705175417233811,0.006705175417233811,3.430452341872067,1.286419628202025,3.5329006392412854,1.7777777777777777,0.25,1.7777777777777777,1.7777777777777777,0.25,0.25,0.0,0.0,0.0,True,True,True
4,256,0.00390625,0.0,1.0,0.75,0.0,0.0,1.0,0.5654384035980339,0.0,0.003912768212350537,0.003912768212350537,2.57283925640405,3.430452341872067,3.911028047667439,1.0,1.7777777777777777,1.7777777777777777,1.0,1.7777777777777777,1.0,0.0,0.0,0.0,True,True,True
4,256,0.00390625,0.0,2.0,1.25,0.0,0.0,0.9999999999999987,1.5587988638709014,1.3322676295501878e-15,0.0029626643793236873,0.0029626643793236873,1.286419628202025,2.0582714051232402,2.2471190918878086,0.25,0.64,0.64,0.25,0.64,0.25,0.0,0.0,0.0,True,True,True
4,256,0.00390625,0.04,0.5,1.5,0.0,0.04,1.040440215927556,2.248117970855618,0.04044021592755609,0.0012549485789108417,0.04045968314511461,5.1456785128081,1.7152261709360335,5.265582073821485,4.0,0.4444444444444444,4.0,4.0,0.4444444444444444,0.4444444444444444,0.0,0.0,0.0,True,True,True
4,256,0.00390625,0.04,0.75,2.0,0.0,0.04,1.0495962849216627,3.986600889009876,0.04959628492166268,0.006705175417233811,0.05004748600485964,3.430452341872067,1.286419628202025,3.5329006392412854,1.7777777777777777,0.25,1.7777777777777777,1.7777777777777777,0.25,0.25,0.0,0.0,0.0,True,True,True
4,256,0.00390625,0.04,1.0,0.75,0.0,0.04,1.0185637645812153,0.5654384035980339,0.018563764581215336,0.003912768212350537,0.018971639636846515,2.57283925640405,3.430452341872067,3.911028047667439,1.0,1.7777777777777777,1.7777777777777777,1.0,1.7777777777777777,1.0,0.0,0.0,0.0,True,True,True
4,256,0.00390625,0.04,2.0,1.25,0.0,0.04,1.0270665943963222,1.5587988638709014,0.027066594396322197,0.0029626643793236873,0.027228255772993128,1.286419628202025,2.0582714051232402,2.2471190918878086,0.25,0.64,0.64,0.25,0.64,0.25,0.0,0.0,0.0,True,True,True
4,512,0.001953125,0.0,0.5,1.5,0.0,0.0,1.0000000000000029,2.249058383762485,2.886579864025407e-15,0.0006278098492109585,0.0006278098492109585,5.1456785128081,1.7152261709360335,5.265582073821485,4.0,0.4444444444444444,4.0,4.0,0.4444444444444444,0.4444444444444444,0.0,0.0,0.0,True,True,True
4,512,0.001953125,0.0,0.75,2.0,0.0,0.0,0.9999999999999998,3.993293236474621,2.220446049250313e-16,0.0033547885884988027,0.0033547885884988027,3.430452341872067,1.286419628202025,3.5329006392412854,1.7777777777777777,0.25,1.7777777777777777,1.7777777777777777,0.25,0.25,0.0,0.0,0.0,True,True,True
4,512,0.001953125,0.0,1.0,0.75,0.0,0.0,1.0,0.5639663681425604,0.0,0.0019538849679245907,0.0019538849679245907,2.57283925640405,3.430452341872067,3.911028047667439,1.0,1.7777777777777777,1.7777777777777777,1.0,1.7777777777777777,1.0,0.0,0.0,0.0,True,True,True
4,512,0.001953125,0.0,2.0,1.25,0.0,0.0,0.9999999999999993,1.5606460326865583,6.661338147750939e-16,0.0014836140728968772,0.0014836140728968772,1.286419628202025,2.0582714051232402,2.2471190918878086,0.25,0.64,0.64,0.25,0.64,0.25,0.0,0.0,0.0,True,True,True
4,512,0.001953125,0.04,0.5,1.5,0.0,0.04,1.0404448479031476,2.249058383762485,0.04044484790314762,0.0006278098492109585,0.0404497202353182,5.1456785128081,1.7152261709360335,5.265582073821485,4.0,0.4444444444444444,4.0,4.0,0.4444444444444444,0.4444444444444444,0.0,0.0,0.0,True,True,True
4,512,0.001953125,0.04,0.75,2.0,0.0,0.04,1.0496258292326546,3.993293236474621,0.04962582923265457,0.0033547885884988027,0.049739094618841975,3.430452341872067,1.286419628202025,3.5329006392412854,1.7777777777777777,0.25,1.7777777777777777,1.7777777777777777,0.25,0.25,0.0,0.0,0.0,True,True,True
4,512,0.001953125,0.04,1.0,0.75,0.0,0.04,1.0185406774527843,0.5639663681425604,0.018540677452784315,0.0019538849679245907,0.01864334698695667,2.57283925640405,3.430452341872067,3.911028047667439,1.0,1.7777777777777777,1.7777777777777777,1.0,1.7777777777777777,1.0,0.0,0.0,0.0,True,True,True
4,512,0.001953125,0.04,2.0,1.25,0.0,0.04,1.027067761085243,1.5606460326865583,0.027067761085243003,0.0014836140728968772,0.027108389861537206,1.286419628202025,2.0582714051232402,2.2471190918878086,0.25,0.64,0.64,0.25,0.64,0.25,0.0,0.0,0.0,True,True,True
16,8,0.125,0.0,0.5,1.5,0.0,0.0,1.0000000000000002,2.192412767505261,2.220446049250313e-16,0.07728066846957748,0.07728066846957748,8.687316439842972,2.895772146614324,9.040811745281779,4.0,0.4444444444444444,4.0,4.0,0.4444444444444444,0.4444444444444444,0.0,0.0,0.0,True,True,True
16,8,0.125,0.0,0.75,2.0,0.0,0.0,1.0,3.5986734802948486,0.0,0.4119320189709965,0.4119320189709965,5.791544293228648,2.171829109960743,6.09022129321127,1.7777777777777777,0.25,1.7777777777777777,1.7777777777777777,0.25,0.25,0.0,0.0,0.0,True,True,True
16,8,0.125,0.0,1.0,0.75,0.0,0.0,1.0,0.6681030425294927,0.0,0.26950281854472236,0.26950281854472236,4.343658219921486,5.791544293228648,6.988884808121092,1.0,1.7777777777777777,1.7777777777777777,1.0,1.7777777777777777,1.0,0.0,0.0,0.0,True,True,True
16,8,0.125,0.0,2.0,1.25,0.0,0.0,1.0,1.4574795406290415,0.0,0.17095530668180015,0.17095530668180015,2.171829109960743,3.4749265759371886,3.975086777826669,0.25,0.64,0.64,0.25,0.64,0.25,0.0,0.0,0.0,True,True,True
16,8,0.125,0.04,0.5,1.5,0.0,0.04,1.0402119986934455,2.192412767505261,0.040211998693445494,0.07728066846957748,0.08711662618597216,8.687316439842972,2.895772146614324,9.040811745281779,4.0,0.4444444444444444,4.0,4.0,0.4444444444444444,0.4444444444444444,0.0,0.0,0.0,True,True,True
16,8,0.125,0.04,0.75,2.0,0.0,0.04,1.047939814523505,3.5986734802948486,0.04793981452350504,0.4119320189709965,0.41471220631911654,5.791544293228648,2.171829109960743,6.09022129321127,1.7777777777777777,0.25,1.7777777777777777,1.7777777777777777,0.25,0.25,0.0,0.0,0.0,True,True,True
16,8,0.125,0.04,1.0,0.75,0.0,0.04,1.020098061945708,0.6681030425294927,0.020098061945708068,0.26950281854472236,0.2702511818614732,4.343658219921486,5.791544293228648,6.988884808121092,1.0,1.7777777777777777,1.7777777777777777,1.0,1.7777777777777777,1.0,0.0,0.0,0.0,True,True,True
16,8,0.125,0.04,2.0,1.25,0.0,0.04,1.0270681926481475,1.4574795406290415,0.027068192648147527,0.17095530668180015,0.17308496161106998,2.171829109960743,3.4749265759371886,3.975086777826669,0.25,0.64,0.64,0.25,0.64,0.25,0.0,0.0,0.0,True,True,True
16,16,0.0625,0.0,0.5,1.5,0.0,0.0,1.0000000000000002,2.220494054070335,2.220446049250313e-16,0.03947109183041064,0.03947109183041064,8.687316439842972,2.895772146614324,9.040811745281779,4.0,0.4444444444444444,4.0,4.0,0.4444444444444444,0.4444444444444444,0.0,0.0,0.0,True,True,True
16,16,0.0625,0.0,0.75,2.0,0.0,0.0,0.9999999999999998,3.7923846840797872,2.220446049250313e-16,0.210381591805886,0.210381591805886,5.791544293228648,2.171829109960743,6.09022129321127,1.7777777777777777,0.25,1.7777777777777777,1.7777777777777777,0.25,0.25,0.0,0.0,0.0,True,True,True
16,16,0.0625,0.0,1.0,0.75,0.0,0.0,1.0,0.6122821866789071,0.0,0.12993849569963833,0.12993849569963833,4.343658219921486,5.791544293228648,6.988884808121092,1.0,1.7777777777777777,1.7777777777777777,1.0,1.7777777777777777,1.0,0.0,0.0,0.0,True,True,True
16,16,0.0625,0.0,2.0,1.25,0.0,0.0,1.0,1.5065305450242437,0.0,0.0903677611874123,0.0903677611874123,2.171829109960743,3.4749265759371886,3.975086777826669,0.25,0.64,0.64,0.25,0.64,0.25,0.0,0.0,0.0,True,True,True
16,16,0.0625,0.04,0.5,1.5,0.0,0.04,1.0403155294197441,2.220494054070335,0.040315529419744145,0.03947109183041064,0.05642082064875489,8.687316439842972,2.895772146614324,9.040811745281779,4.0,0.4444444444444444,4.0,4.0,0.4444444444444444,0.4444444444444444,0.0,0.0,0.0,True,True,True
16,16,0.0625,0.04,0.75,2.0,0.0,0.04,1.0487522899326172,3.7923846840797872,0.048752289932617154,0.210381591805886,0.21595647696805115,5.791544293228648,2.171829109960743,6.09022129321127,1.7777777777777777,0.25,1.7777777777777777,1.7777777777777777,0.25,0.25,0.0,0.0,0.0,True,True,True
16,16,0.0625,0.04,1.0,0.75,0.0,0.04,1.0192804211632756,0.6122821866789071,0.019280421163275552,0.12993849569963833,0.13136113315938705,4.343658219921486,5.791544293228648,6.988884808121092,1.0,1.7777777777777777,1.7777777777777777,1.0,1.7777777777777777,1.0,0.0,0.0,0.0,True,True,True
16,16,0.0625,0.04,2.0,1.25,0.0,0.04,1.0270489876897355,1.5065305450242437,0.027048987689735515,0.0903677611874123,0.09432910471887584,2.171829109960743,3.4749265759371886,3.975086777826669,0.25,0.64,0.64,0.25,0.64,0.25,0.0,0.0,0.0,True,True,True
16,32,0.03125,0.0,0.5,1.5,0.0,0.0,0.9999999999999998,2.2350817230900857,2.220446049250313e-16,0.019924116748904375,0.019924116748904375,8.687316439842972,2.895772146614324,9.040811745281779,4.0,0.4444444444444444,4.0,4.0,0.4444444444444444,0.4444444444444444,0.0,0.0,0.0,True,True,True
16,32,0.03125,0.0,0.75,2.0,0.0,0.0,1.0,3.8944041887511784,0.0,0.10630206937085429,0.10630206937085429,5.791544293228648,2.171829109960743,6.09022129321127,1.7777777777777777,0.25,1.7777777777777777,1.7777777777777777,0.25,0.25,0.0,0.0,0.0,True,True,True
16,32,0.03125,0.0,1.0,0.75,0.0,0.0,1.0,0.5866477716374748,0.0,0.06371740638714884,0.06371740638714884,4.343658219921486,5.791544293228648,6.988884808121092,1.0,1.7777777777777777,1.7777777777777777,1.0,1.7777777777777777,1.0,0.0,0.0,0.0,True,True,True
16,32,0.03125,0.0,2.0,1.25,0.0,0.0,0.9999999999999999,1.5336503772666594,1.1102230246251565e-16,0.04637445538456664,0.04637445538456664,2.171829109960743,3.4749265759371886,3.975086777826669,0.25,0.64,0.64,0.25,0.64,0.25,0.0,0.0,0.0,True,True,True
16,32,0.03125,0.04,0.5,1.5,0.0,0.04,1.0403785922641986,2.2350817230900857,0.0403785922641986,0.019924116748904375,0.045026671445515164,8.687316439842972,2.895772146614324,9.040811745281779,4.0,0.4444444444444444,4.0,4.0,0.4444444444444444,0.4444444444444444,0.0,0.0,0.0,True,True,True
16,32,0.03125,0.04,0.75,2.0,0.0,0.04,1.0491922911619544,3.8944041887511784,0.04919229116195445,0.10630206937085429,0.11713245264352838,5.791544293228648,2.171829109960743,6.09022129321127,1.7777777777777777,0.25,1.7777777777777777,1.7777777777777777,0.25,0.25,0.0,0.0,0.0,True,True,True
16,32,0.03125,0.04,1.0,0.75,0.0,0.04,1.0188923599981703,0.5866477716374748,0.018892359998170294,0.06371740638714884,0.06645922917853879,4.343658219921486,5.791544293228648,6.988884808121092,1.0,1.7777777777777777,1.7777777777777777,1.0,1.7777777777777777,1.0,0.0,0.0,0.0,True,True,True
16,32,0.03125,0.04,2.0,1.25,0.0,0.04,1.0270541687776433,1.5336503772666594,0.027054168777643328,0.04637445538456664,0.05368908790866513,2.171829109960743,3.4749265759371886,3.975086777826669,0.25,0.64,0.64,0.25,0.64,0.25,0.0,0.0,0.0,True,True,True
16,64,0.015625,0.0,0.5,1.5,0.0,0.0,0.9999999999999998,2.242501076820325,2.220446049250313e-16,0.010006909092031613,0.010006909092031613,8.687316439842972,2.895772146614324,9.040811745281779,4.0,0.4444444444444444,4.0,4.0,0.4444444444444444,0.4444444444444444,0.0,0.0,0.0,True,True,True
16,64,0.015625,0.0,0.75,2.0,0.0,0.0,1.0000000000000004,3.9467477554125905,4.440892098500626e-16,0.05343067188101269,0.05343067188101269,5.791544293228648,2.171829109960743,6.09022129321127,1.7777777777777777,0.25,1.7777777777777777,1.7777777777777777,0.25,0.25,0.0,0.0,0.0,True,True,True
16,64,0.015625,0.0,1.0,0.75,0.0,0.0,1.0,0.5743902322155865,0.0,0.03154147513264016,0.03154147513264016,4.343658219921486,5.791544293228648,6.988884808121092,1.0,1.7777777777777777,1.7777777777777777,1.0,1.7777777777777777,1.0,0.0,0.0,0.0,True,True,True
16,64,0.015625,0.0,2.0,1.25,0.0,0.0,1.0,1.5478584070439876,0.0,0.02348168769532233,0.02348168769532233,2.171829109960743,3.4749265759371886,3.975086777826669,0.25,0.64,0.64,0.25,0.64,0.25,0.0,0.0,0.0,True,True,True
16,64,0.015625,0.04,0.5,1.5,0.0,0.04,1.0404130675492744,2.242501076820325,0.04041306754927443,0.010006909092031613,0.041633571289506295,8.687316439842972,2.895772146614324,9.040811745281779,4.0,0.4444444444444444,4.0,4.0,0.4444444444444444,0.4444444444444444,0.0,0.0,0.0,True,True,True
16,64,0.015625,0.04,0.75,2.0,0.0,0.04,1.0494209512575667,3.9467477554125905,0.049420951257566736,0.05343067188101269,0.07278232698161846,5.791544293228648,2.171829109960743,6.09022129321127,1.7777777777777777,0.25,1.7777777777777777,1.7777777777777777,0.25,0.25,0.0,0.0,0.0,True,True,True
16,64,0.015625,0.04,1.0,0.75,0.0,0.04,1.018703357041704,0.5743902322155865,0.018703357041703894,0.03154147513264016,0.03666988162201253,4.343658219921486,5.791544293228648,6.988884808121092,1.0,1.7777777777777777,1.7777777777777777,1.0,1.7777777777777777,1.0,0.0,0.0,0.0,True,True,True
16,64,0.015625,0.04,2.0,1.25,0.0,0.04,1.0270603740936097,1.5478584070439876,0.02706037409360973,0.02348168769532233,0.035828110515442435,2.171829109960743,3.4749265759371886,3.975086777826669,0.25,0.64,0.64,0.25,0.64,0.25,0.0,0.0,0.0,True,True,True
16,128,0.0078125,0.0,0.5,1.5,0.0,0.0,0.9999999999999998,2.246240777238735,2.220446049250313e-16,0.005014392359247388,0.005014392359247388,8.687316439842972,2.895772146614324,9.040811745281779,4.0,0.4444444444444444,4.0,4.0,0.4444444444444444,0.4444444444444444,0.0,0.0,0.0,True,True,True
16,128,0.0078125,0.0,0.75,2.0,0.0,0.0,0.9999999999999993,3.9732593134703893,6.661338147750939e-16,0.02678552806170753,0.02678552806170753,5.791544293228648,2.171829109960743,6.09022129321127,1.7777777777777777,0.25,1.7777777777777777,1.7777777777777777,0.25,0.25,0.0,0.0,0.0,True,True,True
16,128,0.0078125,0.0,1.0,0.75,0.0,0.0,0.9999999999999999,0.5683995202399131,1.1102230246251565e-16,0.015691019292031427,0.015691019292031427,4.343658219921486,5.791544293228648,6.988884808121092,1.0,1.7777777777777777,1.7777777777777777,1.0,1.7777777777777777,1.0,0.0,0.0,0.0,True,True,True
16,128,0.0078125,0.0,2.0,1.25,0.0,0.0,1.0,1.5551249060007581,0.0,0.011814107712892152,0.011814107712892152,2.171829109960743,3.4749265759371886,3.975086777826669,0.25,0.64,0.64,0.25,0.64,0.25,0.0,0.0,0.0,True,True,True
16,128,0.0078125,0.04,0.5,1.5,0.0,0.04,1.040431043755521,2.246240777238735,0.04043104375552109,0.005014392359247388,0.04074080791900597,8.687316439842972,2.895772146614324,9.040811745281779,4.0,0.4444444444444444,4.0,4.0,0.4444444444444444,0.4444444444444444,0.0,0.0,0.0,True,True,True
16,128,0.0078125,0.04,0.75,2.0,0.0,0.04,1.04953747282834,3.9732593134703893,0.04953747282833998,0.02678552806170753,0.056315412879273496,5.791544293228648,2.171829109960743,6.09022129321127,1.7777777777777777,0.25,1.7777777777777777,1.7777777777777777,0.25,0.25,0.0,0.0,0.0,True,True,True
16,128,0.0078125,0.04,1.0,0.75,0.0,0.04,1.018610091259448,0.5683995202399131,0.018610091259448014,0.015691019292031427,0.024342218122182,4.343658219921486,5.791544293228648,6.988884808121092,1.0,1.7777777777777777,1.7777777777777777,1.0,1.7777777777777777,1.0,0.0,0.0,0.0,True,True,True
16,128,0.0078125,0.04,2.0,1.25,0.0,0.04,1.0270643723027957,1.5551249060007581,0.02706437230279568,0.011814107712892152,0.02953055009978906,2.171829109960743,3.4749265759371886,3.975086777826669,0.25,0.64,0.64,0.25,0.64,0.25,0.0,0.0,0.0,True,True,True
16,256,0.00390625,0.0,0.5,1.5,0.0,0.0,1.0000000000000002,2.248117970855618,2.220446049250313e-16,0.0025098971578216833,0.0025098971578216833,8.687316439842972,2.895772146614324,9.040811745281779,4.0,0.4444444444444444,4.0,4.0,0.4444444444444444,0.4444444444444444,0.0,0.0,0.0,True,True,True
16,256,0.00390625,0.0,0.75,2.0,0.0,0.0,1.0000000000000004,3.986600889009876,4.440892098500626e-16,0.013410350834467621,0.013410350834467621,5.791544293228648,2.171829109960743,6.09022129321127,1.7777777777777777,0.25,1.7777777777777777,1.7777777777777777,0.25,0.25,0.0,0.0,0.0,True,True,True
16,256,0.00390625,0.0,1.0,0.75,0.0,0.0,1.0,0.5654384035980339,0.0,0.007825536424701074,0.007825536424701074,4.343658219921486,5.791544293228648,6.988884808121092,1.0,1.7777777777777777,1.7777777777777777,1.0,1.7777777777777777,1.0,0.0,0.0,0.0,True,True,True
16,256,0.00390625,0.0,2.0,1.25,0.0,0.0,0.9999999999999987,1.5587988638709014,1.3322676295501878e-15,0.005925328758647375,0.005925328758647375,2.171829109960743,3.4749265759371886,3.975086777826669,0.25,0.64,0.64,0.25,0.64,0.25,0.0,0.0,0.0,True,True,True
16,256,0.00390625,0.04,0.5,1.5,0.0,0.04,1.040440215927556,2.248117970855618,0.04044021592755609,0.0025098971578216833,0.040518028678727724,8.687316439842972,2.895772146614324,9.040811745281779,4.0,0.4444444444444444,4.0,4.0,0.4444444444444444,0.4444444444444444,0.0,0.0,0.0,True,True,True
16,256,0.00390625,0.04,0.75,2.0,0.0,0.04,1.0495962849216627,3.986600889009876,0.04959628492166268,0.013410350834467621,0.051377319777643635,5.791544293228648,2.171829109960743,6.09022129321127,1.7777777777777777,0.25,1.7777777777777777,1.7777777777777777,0.25,0.25,0.0,0.0,0.0,True,True,True
16,256,0.00390625,0.04,1.0,0.75,0.0,0.04,1.0185637645812153,0.5654384035980339,0.018563764581215336,0.007825536424701074,0.020145778112575057,4.343658219921486,5.791544293228648,6.988884808121092,1.0,1.7777777777777777,1.7777777777777777,1.0,1.7777777777777777,1.0,0.0,0.0,0.0,True,True,True
16,256,0.00390625,0.04,2.0,1.25,0.0,0.04,1.0270665943963222,1.5587988638709014,0.027066594396322197,0.005925328758647375,0.027707581148723064,2.171829109960743,3.4749265759371886,3.975086777826669,0.25,0.64,0.64,0.25,0.64,0.25,0.0,0.0,0.0,True,True,True
16,512,0.001953125,0.0,0.5,1.5,0.0,0.0,1.0000000000000029,2.249058383762485,2.886579864025407e-15,0.001255619698421917,0.001255619698421917,8.687316439842972,2.895772146614324,9.040811745281779,4.0,0.4444444444444444,4.0,4.0,0.4444444444444444,0.4444444444444444,0.0,0.0,0.0,True,True,True
16,512,0.001953125,0.0,0.75,2.0,0.0,0.0,0.9999999999999998,3.993293236474621,2.220446049250313e-16,0.006709577176997605,0.006709577176997605,5.791544293228648,2.171829109960743,6.09022129321127,1.7777777777777777,0.25,1.7777777777777777,1.7777777777777777,0.25,0.25,0.0,0.0,0.0,True,True,True
16,512,0.001953125,0.0,1.0,0.75,0.0,0.0,1.0,0.5639663681425604,0.0,0.003907769935849181,0.003907769935849181,4.343658219921486,5.791544293228648,6.988884808121092,1.0,1.7777777777777777,1.7777777777777777,1.0,1.7777777777777777,1.0,0.0,0.0,0.0,True,True,True
16,512,0.001953125,0.0,2.0,1.25,0.0,0.0,0.9999999999999993,1.5606460326865583,6.661338147750939e-16,0.0029672281457937544,0.0029672281457937544,2.171829109960743,3.4749265759371886,3.975086777826669,0.25,0.64,0.64,0.25,0.64,0.25,0.0,0.0,0.0,True,True,True
16,512,0.001953125,0.04,0.5,1.5,0.0,0.04,1.0404448479031476,2.249058383762485,0.04044484790314762,0.001255619698421917,0.04046433371174928,8.687316439842972,2.895772146614324,9.040811745281779,4.0,0.4444444444444444,4.0,4.0,0.4444444444444444,0.4444444444444444,0.0,0.0,0.0,True,True,True
16,512,0.001953125,0.04,0.75,2.0,0.0,0.04,1.0496258292326546,3.993293236474621,0.04962582923265457,0.006709577176997605,0.05007735369328815,5.791544293228648,2.171829109960743,6.09022129321127,1.7777777777777777,0.25,1.7777777777777777,1.7777777777777777,0.25,0.25,0.0,0.0,0.0,True,True,True
16,512,0.001953125,0.04,1.0,0.75,0.0,0.04,1.0185406774527843,0.5639663681425604,0.018540677452784315,0.003907769935849181,0.01894801800399481,4.343658219921486,5.791544293228648,6.988884808121092,1.0,1.7777777777777777,1.7777777777777777,1.0,1.7777777777777777,1.0,0.0,0.0,0.0,True,True,True
16,512,0.001953125,0.04,2.0,1.25,0.0,0.04,1.027067761085243,1.5606460326865583,0.027067761085243003,0.0029672281457937544,0.02722991246840478,2.171829109960743,3.4749265759371886,3.975086777826669,0.25,0.64,0.64,0.25,0.64,0.25,0.0,0.0,0.0,True,True,True
64,8,0.125,0.0,0.5,1.5,0.0,0.0,1.0000000000000002,2.192412767505261,2.220446049250313e-16,0.15456133693915497,0.15456133693915497,16.366143449129297,5.455381149709766,17.184153712314263,4.0,0.4444444444444444,4.0,4.0,0.4444444444444444,0.4444444444444444,0.0,0.0,0.0,True,True,True
64,8,0.125,0.0,0.75,2.0,0.0,0.0,1.0,3.5986734802948486,0.0,0.823864037941993,0.823864037941993,10.910762299419533,4.091535862282324,11.59800139244244,1.7777777777777777,0.25,1.7777777777777777,1.7777777777777777,0.25,0.25,0.0,0.0,0.0,True,True,True
64,8,0.125,0.0,1.0,0.75,0.0,0.0,1.0,0.6681030425294927,0.0,0.5390056370894447,0.5390056370894447,8.183071724564648,10.910762299419533,13.499865485256127,1.0,1.7777777777777777,1.7777777777777777,1.0,1.7777777777777777,1.0,0.0,0.0,0.0,True,True,True
64,8,0.125,0.0,2.0,1.25,0.0,0.0,1.0,1.4574795406290415,0.0,0.3419106133636003,0.3419106133636003,4.091535862282324,6.546457379651719,7.651369474812506,0.25,0.64,0.64,0.25,0.64,0.25,0.0,0.0,0.0,True,True,True
64,8,0.125,0.04,0.5,1.5,0.0,0.04,1.0402119986934455,2.192412767505261,0.040211998693445494,0.15456133693915497,0.15970664267756884,16.366143449129297,5.455381149709766,17.184153712314263,4.0,0.4444444444444444,4.0,4.0,0.4444444444444444,0.4444444444444444,0.0,0.0,0.0,True,True,True
64,8,0.125,0.04,0.75,2.0,0.0,0.04,1.047939814523505,3.5986734802948486,0.04793981452350504,0.823864037941993,0.8252576439092423,10.910762299419533,4.091535862282324,11.59800139244244,1.7777777777777777,0.25,1.7777777777777777,1.7777777777777777,0.25,0.25,0.0,0.0,0.0,True,True,True
64,8,0.125,0.04,1.0,0.75,0.0,0.04,1.020098061945708,0.6681030425294927,0.020098061945708068,0.5390056370894447,0.5393802081168456,8.183071724564648,10.910762299419533,13.499865485256127,1.0,1.7777777777777777,1.7777777777777777,1.0,1.7777777777777777,1.0,0.0,0.0,0.0,True,True,True
64,8,0.125,0.04,2.0,1.25,0.0,0.04,1.0270681926481475,1.4574795406290415,0.027068192648147527,0.3419106133636003,0.3429803997080746,4.091535862282324,6.546457379651719,7.651369474812506,0.25,0.64,0.64,0.25,0.64,0.25,0.0,0.0,0.0,True,True,True
64,16,0.0625,0.0,0.5,1.5,0.0,0.0,1.0000000000000002,2.220494054070335,2.220446049250313e-16,0.07894218366082129,0.07894218366082129,16.366143449129297,5.455381149709766,17.184153712314263,4.0,0.4444444444444444,4.0,4.0,0.4444444444444444,0.4444444444444444,0.0,0.0,0.0,True,True,True
64,16,0.0625,0.0,0.75,2.0,0.0,0.0,0.9999999999999998,3.7923846840797872,2.220446049250313e-16,0.420763183611772,0.420763183611772,10.910762299419533,4.091535862282324,11.59800139244244,1.7777777777777777,0.25,1.7777777777777777,1.7777777777777777,0.25,0.25,0.0,0.0,0.0,True,True,True
64,16,0.0625,0.0,1.0,0.75,0.0,0.0,1.0,0.6122821866789071,0.0,0.25987699139927667,0.25987699139927667,8.183071724564648,10.910762299419533,13.499865485256127,1.0,1.7777777777777777,1.7777777777777777,1.0,1.7777777777777777,1.0,0.0,0.0,0.0,True,True,True
64,16,0.0625,0.0,2.0,1.25,0.0,0.0,1.0,1.5065305450242437,0.0,0.1807355223748246,0.1807355223748246,4.091535862282324,6.546457379651719,7.651369474812506,0.25,0.64,0.64,0.25,0.64,0.25,0.0,0.0,0.0,True,True,True
64,16,0.0625,0.04,0.5,1.5,0.0,0.04,1.0403155294197441,2.220494054070335,0.040315529419744145,0.07894218366082129,0.08864090632170395,16.366143449129297,5.455381149709766,17.184153712314263,4.0,0.4444444444444444,4.0,4.0,0.4444444444444444,0.4444444444444444,0.0,0.0,0.0,True,True,True
64,16,0.0625,0.04,0.75,2.0,0.0,0.04,1.0487522899326172,3.7923846840797872,0.048752289932617154,0.420763183611772,0.42357814209043854,10.910762299419533,4.091535862282324,11.59800139244244,1.7777777777777777,0.25,1.7777777777777777,1.7777777777777777,0.25,0.25,0.0,0.0,0.0,True,True,True
64,16,0.0625,0.04,1.0,0.75,0.0,0.04,1.0192804211632756,0.6122821866789071,0.019280421163275552,0.25987699139927667,0.2605912226053921,8.183071724564648,10.910762299419533,13.499865485256127,1.0,1.7777777777777777,1.7777777777777777,1.0,1.7777777777777777,1.0,0.0,0.0,0.0,True,True,True
64,16,0.0625,0.04,2.0,1.25,0.0,0.04,1.0270489876897355,1.5065305450242437,0.027048987689735515,0.1807355223748246,0.18274839748446547,4.091535862282324,6.546457379651719,7.651369474812506,0.25,0.64,0.64,0.25,0.64,0.25,0.0,0.0,0.0,True,True,True
64,32,0.03125,0.0,0.5,1.5,0.0,0.0,0.9999999999999998,2.2350817230900857,2.220446049250313e-16,0.03984823349780875,0.03984823349780875,16.366143449129297,5.455381149709766,17.184153712314263,4.0,0.4444444444444444,4.0,4.0,0.4444444444444444,0.4444444444444444,0.0,0.0,0.0,True,True,True
64,32,0.03125,0.0,0.75,2.0,0.0,0.0,1.0,3.8944041887511784,0.0,0.21260413874170858,0.21260413874170858,10.910762299419533,4.091535862282324,11.59800139244244,1.7777777777777777,0.25,1.7777777777777777,1.7777777777777777,0.25,0.25,0.0,0.0,0.0,True,True,True
64,32,0.03125,0.0,1.0,0.75,0.0,0.0,1.0,0.5866477716374748,0.0,0.1274348127742977,0.1274348127742977,8.183071724564648,10.910762299419533,13.499865485256127,1.0,1.7777777777777777,1.7777777777777777,1.0,1.7777777777777777,1.0,0.0,0.0,0.0,True,True,True
64,32,0.03125,0.0,2.0,1.25,0.0,0.0,0.9999999999999999,1.5336503772666594,1.1102230246251565e-16,0.09274891076913327,0.09274891076913327,4.091535862282324,6.546457379651719,7.651369474812506,0.25,0.64,0.64,0.25,0.64,0.25,0.0,0.0,0.0,True,True,True
64,32,0.03125,0.04,0.5,1.5,0.0,0.04,1.0403785922641986,2.2350817230900857,0.0403785922641986,0.03984823349780875,0.05673017209681534,16.366143449129297,5.455381149709766,17.184153712314263,4.0,0.4444444444444444,4.0,4.0,0.4444444444444444,0.4444444444444444,0.0,0.0,0.0,True,True,True
64,32,0.03125,0.04,0.75,2.0,0.0,0.04,1.0491922911619544,3.8944041887511784,0.04919229116195445,0.21260413874170858,0.21822099193218367,10.910762299419533,4.091535862282324,11.59800139244244,1.7777777777777777,0.25,1.7777777777777777,1.7777777777777777,0.25,0.25,0.0,0.0,0.0,True,True,True
64,32,0.03125,0.04,1.0,0.75,0.0,0.04,1.0188923599981703,0.5866477716374748,0.018892359998170294,0.1274348127742977,0.12882760873788185,8.183071724564648,10.910762299419533,13.499865485256127,1.0,1.7777777777777777,1.7777777777777777,1.0,1.7777777777777777,1.0,0.0,0.0,0.0,True,True,True
64,32,0.03125,0.04,2.0,1.25,0.0,0.04,1.0270541687776433,1.5336503772666594,0.027054168777643328,0.09274891076913327,0.09661412162365218,4.091535862282324,6.546457379651719,7.651369474812506,0.25,0.64,0.64,0.25,0.64,0.25,0.0,0.0,0.0,True,True,True
64,64,0.015625,0.0,0.5,1.5,0.0,0.0,0.9999999999999998,2.242501076820325,2.220446049250313e-16,0.020013818184063226,0.020013818184063226,16.366143449129297,5.455381149709766,17.184153712314263,4.0,0.4444444444444444,4.0,4.0,0.4444444444444444,0.4444444444444444,0.0,0.0,0.0,True,True,True
64,64,0.015625,0.0,0.75,2.0,0.0,0.0,1.0000000000000004,3.9467477554125905,4.440892098500626e-16,0.10686134376202538,0.10686134376202538,10.910762299419533,4.091535862282324,11.59800139244244,1.7777777777777777,0.25,1.7777777777777777,1.7777777777777777,0.25,0.25,0.0,0.0,0.0,True,True,True
64,64,0.015625,0.0,1.0,0.75,0.0,0.0,1.0,0.5743902322155865,0.0,0.06308295026528032,0.06308295026528032,8.183071724564648,10.910762299419533,13.499865485256127,1.0,1.7777777777777777,1.7777777777777777,1.0,1.7777777777777777,1.0,0.0,0.0,0.0,True,True,True
64,64,0.015625,0.0,2.0,1.25,0.0,0.0,1.0,1.5478584070439876,0.0,0.04696337539064466,0.04696337539064466,4.091535862282324,6.546457379651719,7.651369474812506,0.25,0.64,0.64,0.25,0.64,0.25,0.0,0.0,0.0,True,True,True
64,64,0.015625,0.04,0.5,1.5,0.0,0.04,1.0404130675492744,2.242501076820325,0.04041306754927443,0.020013818184063226,0.04509732749339985,16.366143449129297,5.455381149709766,17.184153712314263,4.0,0.4444444444444444,4.0,4.0,0.4444444444444444,0.4444444444444444,0.0,0.0,0.0,True,True,True
64,64,0.015625,0.04,0.75,2.0,0.0,0.04,1.0494209512575667,3.9467477554125905,0.049420951257566736,0.10686134376202538,0.11773604891378235,10.910762299419533,4.091535862282324,11.59800139244244,1.7777777777777777,0.25,1.7777777777777777,1.7777777777777777,0.25,0.25,0.0,0.0,0.0,True,True,True
64,64,0.015625,0.04,1.0,0.75,0.0,0.04,1.018703357041704,0.5743902322155865,0.018703357041703894,0.06308295026528032,0.06579722014493687,8.183071724564648,10.910762299419533,13.499865485256127,1.0,1.7777777777777777,1.7777777777777777,1.0,1.7777777777777777,1.0,0.0,0.0,0.0,True,True,True
64,64,0.015625,0.04,2.0,1.25,0.0,0.04,1.0270603740936097,1.5478584070439876,0.02706037409360973,0.04696337539064466,0.05420168331490004,4.091535862282324,6.546457379651719,7.651369474812506,0.25,0.64,0.64,0.25,0.64,0.25,0.0,0.0,0.0,True,True,True
64,128,0.0078125,0.0,0.5,1.5,0.0,0.0,0.9999999999999998,2.246240777238735,2.220446049250313e-16,0.010028784718494776,0.010028784718494776,16.366143449129297,5.455381149709766,17.184153712314263,4.0,0.4444444444444444,4.0,4.0,0.4444444444444444,0.4444444444444444,0.0,0.0,0.0,True,True,True
64,128,0.0078125,0.0,0.75,2.0,0.0,0.0,0.9999999999999993,3.9732593134703893,6.661338147750939e-16,0.05357105612341506,0.05357105612341506,10.910762299419533,4.091535862282324,11.59800139244244,1.7777777777777777,0.25,1.7777777777777777,1.7777777777777777,0.25,0.25,0.0,0.0,0.0,True,True,True
64,128,0.0078125,0.0,1.0,0.75,0.0,0.0,0.9999999999999999,0.5683995202399131,1.1102230246251565e-16,0.031382038584062855,0.031382038584062855,8.183071724564648,10.910762299419533,13.499865485256127,1.0,1.7777777777777777,1.7777777777777777,1.0,1.7777777777777777,1.0,0.0,0.0,0.0,True,True,True
64,128,0.0078125,0.0,2.0,1.25,0.0,0.0,1.0,1.5551249060007581,0.0,0.023628215425784305,0.023628215425784305,4.091535862282324,6.546457379651719,7.651369474812506,0.25,0.64,0.64,0.25,0.64,0.25,0.0,0.0,0.0,True,True,True
64,128,0.0078125,0.04,0.5,1.5,0.0,0.04,1.040431043755521,2.246240777238735,0.04043104375552109,0.010028784718494776,0.04165628190430316,16.366143449129297,5.455381149709766,17.184153712314263,4.0,0.4444444444444444,4.0,4.0,0.4444444444444444,0.4444444444444444,0.0,0.0,0.0,True,True,True
64,128,0.0078125,0.04,0.75,2.0,0.0,0.04,1.04953747282834,3.9732593134703893,0.04953747282833998,0.05357105612341506,0.07296450690847303,10.910762299419533,4.091535862282324,11.59800139244244,1.7777777777777777,0.25,1.7777777777777777,1.7777777777777777,0.25,0.25,0.0,0.0,0.0,True,True,True
64,128,0.0078125,0.04,1.0,0.75,0.0,0.04,1.018610091259448,0.5683995202399131,0.018610091259448014,0.031382038584062855,0.03648517291142517,8.183071724564648,10.910762299419533,13.499865485256127,1.0,1.7777777777777777,1.7777777777777777,1.0,1.7777777777777777,1.0,0.0,0.0,0.0,True,True,True
64,128,0.0078125,0.04,2.0,1.25,0.0,0.04,1.0270643723027957,1.5551249060007581,0.02706437230279568,0.023628215425784305,0.035927326818893796,4.091535862282324,6.546457379651719,7.651369474812506,0.25,0.64,0.64,0.25,0.64,0.25,0.0,0.0,0.0,True,True,True
64,256,0.00390625,0.0,0.5,1.5,0.0,0.0,1.0000000000000002,2.248117970855618,2.220446049250313e-16,0.005019794315643367,0.005019794315643367,16.366143449129297,5.455381149709766,17.184153712314263,4.0,0.4444444444444444,4.0,4.0,0.4444444444444444,0.4444444444444444,0.0,0.0,0.0,True,True,True
64,256,0.00390625,0.0,0.75,2.0,0.0,0.0,1.0000000000000004,3.986600889009876,4.440892098500626e-16,0.026820701668935243,0.026820701668935243,10.910762299419533,4.091535862282324,11.59800139244244,1.7777777777777777,0.25,1.7777777777777777,1.7777777777777777,0.25,0.25,0.0,0.0,0.0,True,True,True
64,256,0.00390625,0.0,1.0,0.75,0.0,0.0,1.0,0.5654384035980339,0.0,0.015651072849402148,0.015651072849402148,8.183071724564648,10.910762299419533,13.499865485256127,1.0,1.7777777777777777,1.7777777777777777,1.0,1.7777777777777777,1.0,0.0,0.0,0.0,True,True,True
64,256,0.00390625,0.0,2.0,1.25,0.0,0.0,0.9999999999999987,1.5587988638709014,1.3322676295501878e-15,0.01185065751729475,0.01185065751729475,4.091535862282324,6.546457379651719,7.651369474812506,0.25,0.64,0.64,0.25,0.64,0.25,0.0,0.0,0.0,True,True,True
64,256,0.00390625,0.04,0.5,1.5,0.0,0.04,1.040440215927556,2.248117970855618,0.04044021592755609,0.005019794315643367,0.04075057544671887,16.366143449129297,5.455381149709766,17.184153712314263,4.0,0.4444444444444444,4.0,4.0,0.4444444444444444,0.4444444444444444,0.0,0.0,0.0,True,True,True
64,256,0.00390625,0.04,0.75,2.0,0.0,0.04,1.0495962849216627,3.986600889009876,0.04959628492166268,0.026820701668935243,0.056383876383632674,10.910762299419533,4.091535862282324,11.59800139244244,1.7777777777777777,0.25,1.7777777777777777,1.7777777777777777,0.25,0.25,0.0,0.0,0.0,True,True,True
64,256,0.00390625,0.04,1.0,0.75,0.0,0.04,1.0185637645812153,0.5654384035980339,0.018563764581215336,0.015651072849402148,0.024281050981456262,8.183071724564648,10.910762299419533,13.499865485256127,1.0,1.7777777777777777,1.7777777777777777,1.0,1.7777777777777777,1.0,0.0,0.0,0.0,True,True,True
64,256,0.00390625,0.04,2.0,1.25,0.0,0.04,1.0270665943963222,1.5587988638709014,0.027066594396322197,0.01185065751729475,0.029547226871691947,4.091535862282324,6.546457379651719,7.651369474812506,0.25,0.64,0.64,0.25,0.64,0.25,0.0,0.0,0.0,True,True,True
64,512,0.001953125,0.0,0.5,1.5,0.0,0.0,1.0000000000000029,2.249058383762485,2.886579864025407e-15,0.002511239396843834,0.002511239396843834,16.366143449129297,5.455381149709766,17.184153712314263,4.0,0.4444444444444444,4.0,4.0,0.4444444444444444,0.4444444444444444,0.0,0.0,0.0,True,True,True
64,512,0.001953125,0.0,0.75,2.0,0.0,0.0,0.9999999999999998,3.993293236474621,2.220446049250313e-16,0.01341915435399521,0.01341915435399521,10.910762299419533,4.091535862282324,11.59800139244244,1.7777777777777777,0.25,1.7777777777777777,1.7777777777777777,0.25,0.25,0.0,0.0,0.0,True,True,True
64,512,0.001953125,0.0,1.0,0.75,0.0,0.0,1.0,0.5639663681425604,0.0,0.007815539871698363,0.007815539871698363,8.183071724564648,10.910762299419533,13.499865485256127,1.0,1.7777777777777777,1.7777777777777777,1.0,1.7777777777777777,1.0,0.0,0.0,0.0,True,True,True
64,512,0.001953125,0.0,2.0,1.25,0.0,0.0,0.9999999999999993,1.5606460326865583,6.661338147750939e-16,0.005934456291587509,0.005934456291587509,4.091535862282324,6.546457379651719,7.651369474812506,0.25,0.64,0.64,0.25,0.64,0.25,0.0,0.0,0.0,True,True,True
64,512,0.001953125,0.04,0.5,1.5,0.0,0.04,1.0404448479031476,2.249058383762485,0.04044484790314762,0.002511239396843834,0.04052273491778417,16.366143449129297,5.455381149709766,17.184153712314263,4.0,0.4444444444444444,4.0,4.0,0.4444444444444444,0.4444444444444444,0.0,0.0,0.0,True,True,True
64,512,0.001953125,0.04,0.75,2.0,0.0,0.04,1.0496258292326546,3.993293236474621,0.04962582923265457,0.01341915435399521,0.051408137785811124,10.910762299419533,4.091535862282324,11.59800139244244,1.7777777777777777,0.25,1.7777777777777777,1.7777777777777777,0.25,0.25,0.0,0.0,0.0,True,True,True
64,512,0.001953125,0.04,1.0,0.75,0.0,0.04,1.0185406774527843,0.5639663681425604,0.018540677452784315,0.007815539871698363,0.02012062086254526,8.183071724564648,10.910762299419533,13.499865485256127,1.0,1.7777777777777777,1.7777777777777777,1.0,1.7777777777777777,1.0,0.0,0.0,0.0,True,True,True
64,512,0.001953125,0.04,2.0,1.25,0.0,0.04,1.027067761085243,1.5606460326865583,0.027067761085243003,0.005934456291587509,0.02771067414633859,4.091535862282324,6.546457379651719,7.651369474812506,0.25,0.64,0.64,0.25,0.64,0.25,0.0,0.0,0.0,True,True,True
256,8,0.125,0.0,0.5,1.5,0.0,0.0,1.0000000000000002,2.192412767505261,2.220446049250313e-16,0.30912267387830994,0.30912267387830994,32.186354070022844,10.728784690007615,33.8923304181732,4.0,0.4444444444444444,4.0,4.0,0.4444444444444444,0.4444444444444444,0.0,0.0,0.0,True,True,True
256,8,0.125,0.0,0.75,2.0,0.0,0.0,1.0,3.5986734802948486,0.0,1.647728075883986,1.647728075883986,21.45756938001523,8.046588517505711,22.888231531775627,1.7777777777777777,0.25,1.7777777777777777,1.7777777777777777,0.25,0.25,0.0,0.0,0.0,True,True,True
256,8,0.125,0.0,1.0,0.75,0.0,0.0,1.0,0.6681030425294927,0.0,1.0780112741788894,1.0780112741788894,16.093177035011422,21.45756938001523,26.750666528197687,1.0,1.7777777777777777,1.7777777777777777,1.0,1.7777777777777777,1.0,0.0,0.0,0.0,True,True,True
256,8,0.125,0.0,2.0,1.25,0.0,0.0,1.0,1.4574795406290415,0.0,0.6838212267272006,0.6838212267272006,8.046588517505711,12.874541628009137,15.146925385705861,0.25,0.64,0.64,0.25,0.64,0.25,0.0,0.0,0.0,True,True,True
256,8,0.125,0.04,0.5,1.5,0.0,0.04,1.0402119986934455,2.192412767505261,0.040211998693445494,0.30912267387830994,0.31172717614060796,32.186354070022844,10.728784690007615,33.8923304181732,4.0,0.4444444444444444,4.0,4.0,0.4444444444444444,0.4444444444444444,0.0,0.0,0.0,True,True,True
256,8,0.125,0.04,0.75,2.0,0.0,0.04,1.047939814523505,3.5986734802948486,0.04793981452350504,1.647728075883986,1.6484253206842252,21.45756938001523,8.046588517505711,22.888231531775627,1.7777777777777777,0.25,1.7777777777777777,1.7777777777777777,0.25,0.25,0.0,0.0,0.0,True,True,True
256,8,0.125,0.04,1.0,0.75,0.0,0.04,1.020098061945708,0.6681030425294927,0.020098061945708068,1.0780112741788894,1.078198608490461,16.093177035011422,21.45756938001523,26.750666528197687,1.0,1.7777777777777777,1.7777777777777777,1.0,1.7777777777777777,1.0,0.0,0.0,0.0,True,True,True
256,8,0.125,0.04,2.0,1.25,0.0,0.04,1.0270681926481475,1.4574795406290415,0.027068192648147527,0.6838212267272006,0.6843567470084084,8.046588517505711,12.874541628009137,15.146925385705861,0.25,0.64,0.64,0.25,0.64,0.25,0.0,0.0,0.0,True,True,True
256,16,0.0625,0.0,0.5,1.5,0.0,0.0,1.0000000000000002,2.220494054070335,2.220446049250313e-16,0.15788436732164257,0.15788436732164257,32.186354070022844,10.728784690007615,33.8923304181732,4.0,0.4444444444444444,4.0,4.0,0.4444444444444444,0.4444444444444444,0.0,0.0,0.0,True,True,True
256,16,0.0625,0.0,0.75,2.0,0.0,0.0,0.9999999999999998,3.7923846840797872,2.220446049250313e-16,0.841526367223544,0.841526367223544,21.45756938001523,8.046588517505711,22.888231531775627,1.7777777777777777,0.25,1.7777777777777777,1.7777777777777777,0.25,0.25,0.0,0.0,0.0,True,True,True
256,16,0.0625,0.0,1.0,0.75,0.0,0.0,1.0,0.6122821866789071,0.0,0.5197539827985533,0.5197539827985533,16.093177035011422,21.45756938001523,26.750666528197687,1.0,1.7777777777777777,1.7777777777777777,1.0,1.7777777777777777,1.0,0.0,0.0,0.0,True,True,True
256,16,0.0625,0.0,2.0,1.25,0.0,0.0,1.0,1.5065305450242437,0.0,0.3614710447496492,0.3614710447496492,8.046588517505711,12.874541628009137,15.146925385705861,0.25,0.64,0.64,0.25,0.64,0.25,0.0,0.0,0.0,True,True,True
256,16,0.0625,0.04,0.5,1.5,0.0,0.04,1.0403155294197441,2.220494054070335,0.040315529419744145,0.15788436732164257,0.16295034629281893,32.186354070022844,10.728784690007615,33.8923304181732,4.0,0.4444444444444444,4.0,4.0,0.4444444444444444,0.4444444444444444,0.0,0.0,0.0,True,True,True
256,16,0.0625,0.04,0.75,2.0,0.0,0.04,1.0487522899326172,3.7923846840797872,0.048752289932617154,0.841526367223544,0.8429373716392748,21.45756938001523,8.046588517505711,22.888231531775627,1.7777777777777777,0.25,1.7777777777777777,1.7777777777777777,0.25,0.25,0.0,0.0,0.0,True,True,True
256,16,0.0625,0.04,1.0,0.75,0.0,0.04,1.0192804211632756,0.6122821866789071,0.019280421163275552,0.5197539827985533,0.5201114662023826,16.093177035011422,21.45756938001523,26.750666528197687,1.0,1.7777777777777777,1.7777777777777777,1.0,1.7777777777777777,1.0,0.0,0.0,0.0,True,True,True
256,16,0.0625,0.04,2.0,1.25,0.0,0.04,1.0270489876897355,1.5065305450242437,0.027048987689735515,0.3614710447496492,0.3624816739194443,8.046588517505711,12.874541628009137,15.146925385705861,0.25,0.64,0.64,0.25,0.64,0.25,0.0,0.0,0.0,True,True,True
256,32,0.03125,0.0,0.5,1.5,0.0,0.0,0.9999999999999998,2.2350817230900857,2.220446049250313e-16,0.0796964669956175,0.0796964669956175,32.186354070022844,10.728784690007615,33.8923304181732,4.0,0.4444444444444444,4.0,4.0,0.4444444444444444,0.4444444444444444,0.0,0.0,0.0,True,True,True
256,32,0.03125,0.0,0.75,2.0,0.0,0.0,1.0,3.8944041887511784,0.0,0.42520827748341716,0.42520827748341716,21.45756938001523,8.046588517505711,22.888231531775627,1.7777777777777777,0.25,1.7777777777777777,1.7777777777777777,0.25,0.25,0.0,0.0,0.0,True,True,True
256,32,0.03125,0.0,1.0,0.75,0.0,0.0,1.0,0.5866477716374748,0.0,0.2548696255485954,0.2548696255485954,16.093177035011422,21.45756938001523,26.750666528197687,1.0,1.7777777777777777,1.7777777777777777,1.0,1.7777777777777777,1.0,0.0,0.0,0.0,True,True,True
256,32,0.03125,0.0,2.0,1.25,0.0,0.0,0.9999999999999999,1.5336503772666594,1.1102230246251565e-16,0.18549782153826655,0.18549782153826655,8.046588517505711,12.874541628009137,15.146925385705861,0.25,0.64,0.64,0.25,0.64,0.25,0.0,0.0,0.0,True,True,True
256,32,0.03125,0.04,0.5,1.5,0.0,0.04,1.0403785922641986,2.2350817230900857,0.0403785922641986,0.0796964669956175,0.08934180188927213,32.186354070022844,10.728784690007615,33.8923304181732,4.0,0.4444444444444444,4.0,4.0,0.4444444444444444,0.4444444444444444,0.0,0.0,0.0,True,True,True
256,32,0.03125,0.04,0.75,2.0,0.0,0.04,1.0491922911619544,3.8944041887511784,0.04919229116195445,0.42520827748341716,0.42804434437354405,21.45756938001523,8.046588517505711,22.888231531775627,1.7777777777777777,0.25,1.7777777777777777,1.7777777777777777,0.25,0.25,0.0,0.0,0.0,True,True,True
256,32,0.03125,0.04,1.0,0.75,0.0,0.04,1.0188923599981703,0.5866477716374748,0.018892359998170294,0.2548696255485954,0.2555688699618592,16.093177035011422,21.45756938001523,26.750666528197687,1.0,1.7777777777777777,1.7777777777777777,1.0,1.7777777777777777,1.0,0.0,0.0,0.0,True,True,True
256,32,0.03125,0.04,2.0,1.25,0.0,0.04,1.0270541687776433,1.5336503772666594,0.027054168777643328,0.18549782153826655,0.18746031538352803,8.046588517505711,12.874541628009137,15.146925385705861,0.25,0.64,0.64,0.25,0.64,0.25,0.0,0.0,0.0,True,True,True
256,64,0.015625,0.0,0.5,1.5,0.0,0.0,0.9999999999999998,2.242501076820325,2.220446049250313e-16,0.04002763636812645,0.04002763636812645,32.186354070022844,10.728784690007615,33.8923304181732,4.0,0.4444444444444444,4.0,4.0,0.4444444444444444,0.4444444444444444,0.0,0.0,0.0,True,True,True
256,64,0.015625,0.0,0.75,2.0,0.0,0.0,1.0000000000000004,3.9467477554125905,4.440892098500626e-16,0.21372268752405077,0.21372268752405077,21.45756938001523,8.046588517505711,22.888231531775627,1.7777777777777777,0.25,1.7777777777777777,1.7777777777777777,0.25,0.25,0.0,0.0,0.0,True,True,True
256,64,0.015625,0.0,1.0,0.75,0.0,0.0,1.0,0.5743902322155865,0.0,0.12616590053056065,0.12616590053056065,16.093177035011422,21.45756938001523,26.750666528197687,1.0,1.7777777777777777,1.7777777777777777,1.0,1.7777777777777777,1.0,0.0,0.0,0.0,True,True,True
256,64,0.015625,0.0,2.0,1.25,0.0,0.0,1.0,1.5478584070439876,0.0,0.09392675078128931,0.09392675078128931,8.046588517505711,12.874541628009137,15.146925385705861,0.25,0.64,0.64,0.25,0.64,0.25,0.0,0.0,0.0,True,True,True
256,64,0.015625,0.04,0.5,1.5,0.0,0.04,1.0404130675492744,2.242501076820325,0.04041306754927443,0.04002763636812645,0.056880820159005946,32.186354070022844,10.728784690007615,33.8923304181732,4.0,0.4444444444444444,4.0,4.0,0.4444444444444444,0.4444444444444444,0.0,0.0,0.0,True,True,True
256,64,0.015625,0.04,0.75,2.0,0.0,0.04,1.0494209512575667,3.9467477554125905,0.049420951257566736,0.21372268752405077,0.21936229754838418,21.45756938001523,8.046588517505711,22.888231531775627,1.7777777777777777,0.25,1.7777777777777777,1.7777777777777777,0.25,0.25,0.0,0.0,0.0,True,True,True
256,64,0.015625,0.04,1.0,0.75,0.0,0.04,1.018703357041704,0.5743902322155865,0.018703357041703894,0.12616590053056065,0.12754469813095634,16.093177035011422,21.45756938001523,26.750666528197687,1.0,1.7777777777777777,1.7777777777777777,1.0,1.7777777777777777,1.0,0.0,0.0,0.0,True,True,True
256,64,0.015625,0.04,2.0,1.25,0.0,0.04,1.0270603740936097,1.5478584070439876,0.02706037409360973,0.09392675078128931,0.09774711432270795,8.046588517505711,12.874541628009137,15.146925385705861,0.25,0.64,0.64,0.25,0.64,0.25,0.0,0.0,0.0,True,True,True
256,128,0.0078125,0.0,0.5,1.5,0.0,0.0,0.9999999999999998,2.246240777238735,2.220446049250313e-16,0.020057569436989553,0.020057569436989553,32.186354070022844,10.728784690007615,33.8923304181732,4.0,0.4444444444444444,4.0,4.0,0.4444444444444444,0.4444444444444444,0.0,0.0,0.0,True,True,True
256,128,0.0078125,0.0,0.75,2.0,0.0,0.0,0.9999999999999993,3.9732593134703893,6.661338147750939e-16,0.10714211224683012,0.10714211224683012,21.45756938001523,8.046588517505711,22.888231531775627,1.7777777777777777,0.25,1.7777777777777777,1.7777777777777777,0.25,0.25,0.0,0.0,0.0,True,True,True
256,128,0.0078125,0.0,1.0,0.75,0.0,0.0,0.9999999999999999,0.5683995202399131,1.1102230246251565e-16,0.06276407716812571,0.06276407716812571,16.093177035011422,21.45756938001523,26.750666528197687,1.0,1.7777777777777777,1.7777777777777777,1.0,1.7777777777777777,1.0,0.0,0.0,0.0,True,True,True
256,128,0.0078125,0.0,2.0,1.25,0.0,0.0,1.0,1.5551249060007581,0.0,0.04725643085156861,0.04725643085156861,8.046588517505711,12.874541628009137,15.146925385705861,0.25,0.64,0.64,0.25,0.64,0.25,0.0,0.0,0.0,True,True,True
256,128,0.0078125,0.04,0.5,1.5,0.0,0.04,1.040431043755521,2.246240777238735,0.04043104375552109,0.020057569436989553,0.04513286375669639,32.186354070022844,10.728784690007615,33.8923304181732,4.0,0.4444444444444444,4.0,4.0,0.4444444444444444,0.4444444444444444,0.0,0.0,0.0,True,True,True
256,128,0.0078125,0.04,0.75,2.0,0.0,0.04,1.04953747282834,3.9732593134703893,0.04953747282833998,0.10714211224683012,0.11803979596276362,21.45756938001523,8.046588517505711,22.888231531775627,1.7777777777777777,0.25,1.7777777777777777,1.7777777777777777,0.25,0.25,0.0,0.0,0.0,True,True,True
256,128,0.0078125,0.04,1.0,0.75,0.0,0.04,1.018610091259448,0.5683995202399131,0.018610091259448014,0.06276407716812571,0.06546498972314456,16.093177035011422,21.45756938001523,26.750666528197687,1.0,1.7777777777777777,1.7777777777777777,1.0,1.7777777777777777,1.0,0.0,0.0,0.0,True,True,True
256,128,0.0078125,0.04,2.0,1.25,0.0,0.04,1.0270643723027957,1.5551249060007581,0.02706437230279568,0.04725643085156861,0.054457786449445586,8.046588517505711,12.874541628009137,15.146925385705861,0.25,0.64,0.64,0.25,0.64,0.25,0.0,0.0,0.0,True,True,True
256,256,0.00390625,0.0,0.5,1.5,0.0,0.0,1.0000000000000002,2.248117970855618,2.220446049250313e-16,0.010039588631286733,0.010039588631286733,32.186354070022844,10.728784690007615,33.8923304181732,4.0,0.4444444444444444,4.0,4.0,0.4444444444444444,0.4444444444444444,0.0,0.0,0.0,True,True,True
256,256,0.00390625,0.0,0.75,2.0,0.0,0.0,1.0000000000000004,3.986600889009876,4.440892098500626e-16,0.053641403337870486,0.053641403337870486,21.45756938001523,8.046588517505711,22.888231531775627,1.7777777777777777,0.25,1.7777777777777777,1.7777777777777777,0.25,0.25,0.0,0.0,0.0,True,True,True
256,256,0.00390625,0.0,1.0,0.75,0.0,0.0,1.0,0.5654384035980339,0.0,0.031302145698804296,0.031302145698804296,16.093177035011422,21.45756938001523,26.750666528197687,1.0,1.7777777777777777,1.7777777777777777,1.0,1.7777777777777777,1.0,0.0,0.0,0.0,True,True,True
256,256,0.00390625,0.0,2.0,1.25,0.0,0.0,0.9999999999999987,1.5587988638709014,1.3322676295501878e-15,0.0237013150345895,0.0237013150345895,8.046588517505711,12.874541628009137,15.146925385705861,0.25,0.64,0.64,0.25,0.64,0.25,0.0,0.0,0.0,True,True,True
256,256,0.00390625,0.04,0.5,1.5,0.0,0.04,1.040440215927556,2.248117970855618,0.04044021592755609,0.010039588631286733,0.04166778616812781,32.186354070022844,10.728784690007615,33.8923304181732,4.0,0.4444444444444444,4.0,4.0,0.4444444444444444,0.4444444444444444,0.0,0.0,0.0,True,True,True
256,256,0.00390625,0.04,0.75,2.0,0.0,0.04,1.0495962849216627,3.986600889009876,0.04959628492166268,0.053641403337870486,0.0730560855102903,21.45756938001523,8.046588517505711,22.888231531775627,1.7777777777777777,0.25,1.7777777777777777,1.7777777777777777,0.25,0.25,0.0,0.0,0.0,True,True,True
256,256,0.00390625,0.04,1.0,0.75,0.0,0.04,1.0185637645812153,0.5654384035980339,0.018563764581215336,0.031302145698804296,0.03639282457814943,16.093177035011422,21.45756938001523,26.750666528197687,1.0,1.7777777777777777,1.7777777777777777,1.0,1.7777777777777777,1.0,0.0,0.0,0.0,True,True,True
256,256,0.00390625,0.04,2.0,1.25,0.0,0.04,1.0270665943963222,1.5587988638709014,0.027066594396322197,0.0237013150345895,0.03597711587361997,8.046588517505711,12.874541628009137,15.146925385705861,0.25,0.64,0.64,0.25,0.64,0.25,0.0,0.0,0.0,True,True,True
256,512,0.001953125,0.0,0.5,1.5,0.0,0.0,1.0000000000000029,2.249058383762485,2.886579864025407e-15,0.005022478793687668,0.005022478793687668,32.186354070022844,10.728784690007615,33.8923304181732,4.0,0.4444444444444444,4.0,4.0,0.4444444444444444,0.4444444444444444,0.0,0.0,0.0,True,True,True
256,512,0.001953125,0.0,0.75,2.0,0.0,0.0,0.9999999999999998,3.993293236474621,2.220446049250313e-16,0.02683830870799042,0.02683830870799042,21.45756938001523,8.046588517505711,22.888231531775627,1.7777777777777777,0.25,1.7777777777777777,1.7777777777777777,0.25,0.25,0.0,0.0,0.0,True,True,True
256,512,0.001953125,0.0,1.0,0.75,0.0,0.0,1.0,0.5639663681425604,0.0,0.015631079743396725,0.015631079743396725,16.093177035011422,21.45756938001523,26.750666528197687,1.0,1.7777777777777777,1.7777777777777777,1.0,1.7777777777777777,1.0,0.0,0.0,0.0,True,True,True
256,512,0.001953125,0.0,2.0,1.25,0.0,0.0,0.9999999999999993,1.5606460326865583,6.661338147750939e-16,0.011868912583175018,0.011868912583175018,8.046588517505711,12.874541628009137,15.146925385705861,0.25,0.64,0.64,0.25,0.64,0.25,0.0,0.0,0.0,True,True,True
256,512,0.001953125,0.04,0.5,1.5,0.0,0.04,1.0404448479031476,2.249058383762485,0.04044484790314762,0.005022478793687668,0.040755502881718766,32.186354070022844,10.728784690007615,33.8923304181732,4.0,0.4444444444444444,4.0,4.0,0.4444444444444444,0.4444444444444444,0.0,0.0,0.0,True,True,True
256,512,0.001953125,0.04,0.75,2.0,0.0,0.04,1.0496258292326546,3.993293236474621,0.04962582923265457,0.02683830870799042,0.056418239438447454,21.45756938001523,8.046588517505711,22.888231531775627,1.7777777777777777,0.25,1.7777777777777777,1.7777777777777777,0.25,0.25,0.0,0.0,0.0,True,True,True
256,512,0.001953125,0.04,1.0,0.75,0.0,0.04,1.0185406774527843,0.5639663681425604,0.018540677452784315,0.015631079743396725,0.024250512867826365,16.093177035011422,21.45756938001523,26.750666528197687,1.0,1.7777777777777777,1.7777777777777777,1.0,1.7777777777777777,1.0,0.0,0.0,0.0,True,True,True
256,512,0.001953125,0.04,2.0,1.25,0.0,0.04,1.027067761085243,1.5606460326865583,0.027067761085243003,0.011868912583175018,0.029555621733857094,8.046588517505711,12.874541628009137,15.146925385705861,0.25,0.64,0.64,0.25,0.64,0.25,0.0,0.0,0.0,True,True,True
