sha256	bytes	path
6ca01c3b7c21eb02118a74093717807a4bc22f87b0b0f5363f2b29e218207954	1302	campaign.json
0011ef7949aedf8cbbc18d6792439520e3640c1bf6723299d64dca56582afd57	580	claim_1/EVAL.md
d676cff4c4b045aae212dffdfdea9bc69a2da44390ba7dfaf68fef7f6395d628	1629	claim_1/claim_contract.json
7603c00a55f26945240b3e9efa02118b8ed1ec1969a0c4bdb7a9c5e6ba5fb754	1372	claim_1/independent_checker_output.json
dfc775b944abf53f9ffad2b592c2def8e5d989ece51ced2b30b07aa58e89f30b	627	claim_1/limitations.md
26e4dba59fb172fda1cc86ecef16b119c61acdfb5bbf3fb42e71f03d6d242640	1187	claim_1/method.md
35a20c34ac3f54493c33addda8ecf64e3702adbf8a14dcb1c7b4c24734a9b794	736	claim_1/negative_control_output.json
680cb1998f5c9c33955081a63f1a196f05fd8b204a7d31c93cb47134adb04289	27844	claim_1/raw_results.csv
f0d90954512654145489c72a6563386098a36ec18934e87a390bf8fb78e38131	561	claim_1/runtime.json
e445e63b24b56fa752fb6e2fb2fa13a2e58640f477ee86fd1bebf83ec9fa5c73	1306	claim_1/source_audit.md
8de1640a67861a3720abf3e4023b39d11a6dffca884b085d8e4c49e6ba6d8ccc	638	claim_1/universal_certificate.json
4035b9b35e179e07803152daa78b8a5a73c19f6f2646be7f71428503730c28de	1975	claim_1/verdict.json
88790720ccbf69e509e2fb68144008fc7770aca6c718256da923942b70c8dba2	361	claim_2/EVAL.md
4573d328b84580f3bedadc41d15a968db55525c7c8afc833045b277a4b05ba25	1137	claim_2/claim_contract.json
47fc595382dedf3cd62b3fa2fccf842cd0f8eeb0f839b366a8e16aac92b25286	3192	claim_2/independent_checker_output.json
3527737c0345d2a7a8e6c4deceba0354bb5a78fcc44b184bfd34b85fbb4c0efc	429	claim_2/limitations.md
0447365541b1d5f093d6e28c94617f62a85fc762932165c8bd62cb4fa8e04fd0	818	claim_2/method.md
38a7d25f903c2caf7a5c5cb844014227bdab948658ae669a133b3f7c1b5d1c7a	712	claim_2/negative_control_output.json
625fce232d119f0e6570f4cf0ade989479b6d8516b70d414ed8293740eac7225	96646	claim_2/raw_results.csv
f0d90954512654145489c72a6563386098a36ec18934e87a390bf8fb78e38131	561	claim_2/runtime.json
7630e2f2521afece8c312f3b8044cace12d2a147bc0b83a6f2a74cf0eed9f064	776	claim_2/source_audit.md
7b5e1f38219d008f9b61bca6f231de086f52f624513563654523b0037b7fa854	730	claim_2/universal_certificate.json
5c11ce8945d033c0c38472c020684f65b66c831b9f88bb1e9e19913b719a9123	602	claim_3/EVAL.md
dc2da72e9bacec0c8ec70b745f4adc31fee16e52212899085984fd638ce41060	1123	claim_3/claim_contract.json
b99420c7415924a5a935b262b6e2fdf68cd000e683f998aa76e157e4e6ce3d94	805	claim_3/independent_checker_output.json
d8001ccb8603d88f43a388224562e0747978abbd0b32a4e5bced6528c98e6f3e	658	claim_3/limitations.md
abd01accce802556de90ea94a6decd33af6b3883fc3050bb87c3c18ca9ccc193	1032	claim_3/method.md
d8b2aee1fb2d4c77480e4b9ddf151b13f4b8620792349edc847434fd465e0848	694	claim_3/negative_control_output.json
9f4fb0d27d74f440bcd389f54fc4e3533b56773cb0d4e86b067f18b76ca47c89	4116	claim_3/raw_complexity.csv
f381497971634cddd2cefc6680b1c51c88f67f61c437da407298231c72534b4e	3018	claim_3/raw_first_hit.csv
7d4f06a81150effcc5c4a368ece06c63241a2ca76f0e79c0f6a8955dd416e2f6	14156	claim_3/raw_schedule.csv
f0ceeb65f723ab40a34be32537630c9403ef9d1987f76aeee1544999f3b89e36	561	claim_3/runtime.json
e743b779eaa9c26023952fe722817ee26c8480c0b31b3f242cf96f78b37ab520	634	claim_3/source_audit.md
227f80a8aac430cd2892b09460f05bd322182be9db1708d579280374a74cf6b6	741	claim_3/universal_certificate.json
aced4e6880faea8279c26b596627cb20f17db562824cba261ac4457a149db882	338	claim_4/EVAL.md
11b35760e34f45a63043473446dcdaa94012880d50a12e224b827e0b90c406bf	971	claim_4/claim_contract.json
913c5463492fdfd0f0d6a608809a1bf5ef0f422247cf035773843df3d8ee694d	3593	claim_4/independent_checker_output.json
bd27f508361af89f564a15f15b50dc2eb728c42d49d7f2324b2a9f476d9c1e4b	503	claim_4/limitations.md
8d3f9820e325025c2a1bbee1730e2c0a184810a64705f22f823b37dab8d682a2	882	claim_4/method.md
8f226a539dd27cc071ce9e0c09f72717d1429e775d4705cbcf1bdfd227fa961a	695	claim_4/negative_control_output.json
8c7529f14e80f0e37c48cab6e64cc32a7c749b62f99f13a7bb111df19bc223db	181685	claim_4/raw_results.csv
f0d90954512654145489c72a6563386098a36ec18934e87a390bf8fb78e38131	561	claim_4/runtime.json
d5538c63067092d303c87a4b54cb190941b198d2671ff40e8f296afa51676ff2	739	claim_4/source_audit.md
29c96966e0a8329a8f9c063acb5133ee7581305418fee2745918830ed5be370c	605	claim_4/universal_certificate.json
e9b717b0e204dfe6d71a57a8dfce45f9b230b7a9c51cc2034fdfd254be5f0073	295	claim_5/EVAL.md
cd9b761e1cb77f09608cd6921dae7974df82070989ae7aa739706313e4ec2409	930	claim_5/claim_contract.json
b131eb4db25175d8e50b010df7d693d6913eb680c322160c013795ee878e118f	1468	claim_5/independent_checker_output.json
ee58f455eddb16850ef53022ec4edde4087d06dd985c1ea73dfba65284f6ff37	396	claim_5/limitations.md
fffa2b91be540eb58e833061db1801a109231a0d9a6876270c2c922130ed00ed	784	claim_5/method.md
f1988239e182f7ca9960614f3889343fc9f92e8397042042267b1061fd5d0e65	700	claim_5/negative_control_output.json
b1db45993542f9e4f769990cd716523750edb0d3406338ffd859ddf2387c31bf	76351	claim_5/raw_results.csv
f0d90954512654145489c72a6563386098a36ec18934e87a390bf8fb78e38131	561	claim_5/runtime.json
b158f689a179d3d23d496b3e1cf06ad16e7e55e06b943ec5590c976ad667f49e	699	claim_5/source_audit.md
5f56f98c772731d6e12206dfbef5b3f47662ec1a468292b0f04206f62606b2aa	781	claim_5/universal_certificate.json
c4d0e9330c075d5831fda16963c5dca45d1809ae1c5edaa4ed896b2a0542c847	370	claim_6/EVAL.md
fa6328332bff8de2dd979328077bf5dab6b5bdd1fa9ab7f1238c3929cc2ad29c	859	claim_6/claim_contract.json
79307e39360e732fafd197db203e27376611f3ac65998771c86b592e10c43a03	724	claim_6/independent_checker_output.json
04e4aa32160d3a861084ce28322a8dc524ac465315f29cc8a6cae8198766efb2	604	claim_6/limitations.md
5d5685eaa7a04690333c58f03646f9ebb645c132f41f6afb1ee51c0423144f45	948	claim_6/method.md
12aaea60ca9d092761b397285fbcf4cd7911a77e39f2e0c31d38cef40609095a	707	claim_6/negative_control_output.json
de1a981576287e123926e72c7b06e068d4f0c43427453e9630edf59e00647ab0	5436	claim_6/raw_results.csv
f0d90954512654145489c72a6563386098a36ec18934e87a390bf8fb78e38131	561	claim_6/runtime.json
af993ef14d02dbc80d366e5e38868b5d799744f9508545156a7b684689d17dd4	831	claim_6/source_audit.md
cadccbedc8d44c722d887ef05931fe04ad5005d24e9c63d7575bd84a2956f44d	754	claim_6/universal_certificate.json
bc5199625330280166b117bfe19000e7687a672b5ce359ed9115135492490e25	711	source/paper_source.json
